"","BEAT","YEAR","VCI","P1V","P1P","AGGASS","MURDMANS","RAPE","DRUGS","WEAPONS","BURGLARY","MVTHEFT","FAMVIOL","ROBBERY"
"1",11,1990,256,12,200,8,0,1,2,0,40,107,2,3
"2",11,1991,253,7,163,1,0,0,0,0,51,72,6,6
"3",11,1992,262,11,167,3,0,1,0,0,44,70,1,7
"4",11,1993,272,14,200,5,0,2,3,0,42,82,3,7
"5",11,1994,264,12,203,5,1,1,1,0,58,76,4,5
"6",11,1995,218,11,144,3,0,0,0,0,23,56,9,8
"7",11,1996,207,12,142,1,0,2,3,0,24,47,7,9
"8",11,1997,209,15,130,2,0,4,4,0,30,19,6,9
"9",11,1998,191,5,127,2,0,0,5,0,25,45,1,3
"10",11,1999,159,8,113,6,0,0,3,0,17,46,3,2
"11",11,2000,244,18,122,7,0,4,7,2,24,42,8,7
"12",11,2001,244,12,166,3,0,2,7,4,37,46,8,7
"13",12,1990,738,30,711,10,0,3,5,2,162,318,7,17
"14",12,1991,680,41,709,11,0,8,0,1,185,276,9,22
"15",12,1992,775,40,769,19,0,3,3,2,173,362,5,18
"16",12,1993,952,39,759,11,0,7,8,2,153,344,6,21
"17",12,1994,838,45,660,11,0,8,6,0,147,240,13,26
"18",12,1995,818,46,662,19,0,2,8,0,146,219,22,25
"19",12,1996,790,37,585,13,1,3,9,0,160,168,22,20
"20",12,1997,894,56,558,17,0,8,5,3,100,150,17,31
"21",12,1998,803,47,491,9,1,5,2,1,91,110,12,32
"22",12,1999,713,55,516,16,0,5,18,4,81,147,14,34
"23",12,2000,1029,51,507,18,0,5,45,9,85,148,22,28
"24",12,2001,1086,55,606,30,0,3,76,24,132,177,32,22
"25",13,1990,580,59,503,23,0,4,10,2,126,208,7,32
"26",13,1991,630,67,562,15,0,5,5,0,191,185,13,47
"27",13,1992,787,71,521,19,1,5,5,1,133,198,5,46
"28",13,1993,1062,100,469,37,4,4,23,5,69,195,14,55
"29",13,1994,945,73,427,26,1,6,21,4,84,163,24,40
"30",13,1995,956,76,462,28,4,5,13,4,95,154,15,39
"31",13,1996,922,68,419,24,0,9,11,0,76,147,12,35
"32",13,1997,733,55,383,14,3,9,10,3,82,89,20,29
"33",13,1998,639,46,313,17,2,4,7,2,59,114,10,23
"34",13,1999,548,59,367,22,2,5,17,1,51,143,6,30
"35",13,2000,660,55,417,23,0,5,69,8,79,135,14,27
"36",13,2001,877,58,289,31,2,2,164,28,73,80,12,23
"37",14,1990,624,113,898,24,0,5,4,2,123,350,9,84
"38",14,1991,495,100,897,16,0,8,11,0,175,293,2,76
"39",14,1992,747,84,820,17,1,2,15,0,117,284,5,64
"40",14,1993,1184,99,820,26,1,2,16,3,89,254,8,70
"41",14,1994,916,86,733,16,1,4,14,3,86,237,7,65
"42",14,1995,674,55,503,15,0,0,21,3,63,128,12,40
"43",14,1996,681,59,641,11,0,4,3,1,53,129,8,44
"44",14,1997,624,64,656,21,1,0,4,1,70,161,9,42
"45",14,1998,607,59,505,23,1,2,21,2,60,108,7,33
"46",14,1999,493,65,544,13,0,5,22,3,51,143,7,47
"47",14,2000,684,59,483,16,2,3,97,5,88,77,4,38
"48",14,2001,618,42,362,19,0,5,124,10,95,73,7,18
"49",15,1990,708,98,686,21,1,5,4,1,138,247,13,71
"50",15,1991,839,117,622,18,0,11,13,0,155,179,5,88
"51",15,1992,1119,98,631,15,0,5,22,0,149,188,8,78
"52",15,1993,1202,137,676,33,1,6,26,4,138,205,6,97
"53",15,1994,1136,107,591,25,2,7,67,2,101,170,7,73
"54",15,1995,855,81,534,16,0,5,25,3,85,100,10,60
"55",15,1996,826,64,593,21,1,3,26,3,94,123,12,39
"56",15,1997,750,78,567,12,1,8,18,0,123,93,16,57
"57",15,1998,772,71,478,24,1,10,33,5,79,91,26,36
"58",15,1999,706,89,579,29,0,11,47,4,75,141,7,49
"59",15,2000,970,92,429,34,0,7,140,13,77,112,16,51
"60",15,2001,816,48,283,21,1,2,154,11,88,82,13,24
"61",16,1990,520,76,335,33,0,3,12,2,69,123,10,40
"62",16,1991,466,65,296,21,0,2,9,0,75,70,11,42
"63",16,1992,545,72,292,27,0,3,7,1,72,88,17,42
"64",16,1993,914,70,367,31,2,3,4,4,70,128,17,34
"65",16,1994,738,63,350,30,2,2,7,3,85,116,16,29
"66",16,1995,553,50,254,19,1,1,5,2,79,56,14,29
"67",16,1996,461,36,218,14,1,2,3,2,58,49,14,19
"68",16,1997,369,19,240,7,0,7,4,0,69,50,17,5
"69",16,1998,413,30,235,12,0,2,1,0,56,55,11,16
"70",16,1999,408,24,215,13,0,1,12,1,45,79,20,10
"71",16,2000,616,54,255,30,0,7,63,7,48,72,20,17
"72",16,2001,698,48,221,35,0,6,90,12,69,55,20,7
"73",17,1990,382,54,499,15,1,3,4,0,101,214,7,35
"74",17,1991,379,41,411,9,1,3,0,0,91,147,4,28
"75",17,1992,513,58,538,4,0,3,2,0,98,231,6,51
"76",17,1993,669,60,606,12,0,3,2,2,104,232,4,45
"77",17,1994,650,53,517,10,0,6,4,2,80,159,5,37
"78",17,1995,506,48,454,9,0,1,5,1,71,110,7,38
"79",17,1996,492,47,447,9,0,3,10,1,88,72,11,35
"80",17,1997,679,40,550,8,0,4,6,0,91,115,11,28
"81",17,1998,561,60,517,16,0,3,6,1,100,105,13,41
"82",17,1999,461,52,497,14,0,2,17,0,82,119,13,36
"83",17,2000,677,49,422,20,2,3,73,3,66,80,18,24
"84",17,2001,654,52,423,23,0,2,102,10,89,84,10,27
"85",21,1990,207,27,547,5,0,0,1,0,72,154,0,22
"86",21,1991,155,54,457,6,0,7,0,0,40,93,0,41
"87",21,1992,192,32,391,4,0,1,1,1,29,71,1,27
"88",21,1993,239,39,313,5,0,1,4,0,36,52,3,33
"89",21,1994,231,34,313,4,0,4,9,1,25,51,2,26
"90",21,1995,205,24,332,0,0,3,0,0,28,34,4,21
"91",21,1996,208,27,288,5,0,3,3,0,33,33,1,19
"92",21,1997,229,18,362,1,0,1,0,1,68,30,5,16
"93",21,1998,217,36,294,10,0,2,0,0,28,17,3,24
"94",21,1999,181,33,298,8,0,4,7,1,20,45,5,21
"95",21,2000,263,30,249,9,0,4,19,9,25,17,3,17
"96",21,2001,169,19,170,5,0,1,24,9,14,27,2,13
"97",22,1990,478,158,1138,20,1,8,10,0,106,171,3,129
"98",22,1991,365,188,1195,13,0,9,9,0,84,179,4,166
"99",22,1992,494,177,1147,12,0,3,17,0,93,134,4,162
"100",22,1993,717,180,978,18,3,5,10,0,72,114,3,154
"101",22,1994,657,122,844,8,0,3,14,0,77,90,5,111
"102",22,1995,585,93,801,8,0,4,9,2,68,55,7,81
"103",22,1996,487,84,752,10,0,3,16,2,61,60,8,71
"104",22,1997,507,74,776,10,0,2,5,3,79,70,4,62
"105",22,1998,523,93,831,4,0,3,6,2,77,60,6,86
"106",22,1999,443,84,882,15,0,1,40,1,51,75,7,68
"107",22,2000,552,95,892,17,0,5,72,11,46,47,6,73
"108",22,2001,490,69,717,11,0,3,79,21,66,36,8,55
"109",23,1990,457,51,850,15,1,3,7,1,197,349,8,32
"110",23,1991,465,51,706,10,0,3,14,0,109,305,4,38
"111",23,1992,615,68,1066,13,0,3,3,0,113,419,1,52
"112",23,1993,848,68,922,17,0,0,2,1,104,333,7,51
"113",23,1994,839,57,825,10,0,2,3,3,125,260,8,45
"114",23,1995,753,46,749,7,0,1,10,0,116,185,5,38
"115",23,1996,638,51,623,19,2,5,10,2,84,185,8,25
"116",23,1997,781,49,808,14,0,4,3,3,76,242,11,31
"117",23,1998,759,60,937,24,1,3,8,2,112,251,8,32
"118",23,1999,705,71,892,28,0,5,19,4,69,266,9,38
"119",23,2000,881,79,759,43,4,3,41,9,92,166,10,29
"120",23,2001,747,54,515,36,0,1,142,26,90,122,11,17
"121",24,1990,1461,172,943,45,1,14,42,2,97,392,9,112
"122",24,1991,1153,137,745,28,0,11,65,1,110,227,1,98
"123",24,1992,1149,156,814,46,0,5,25,2,85,270,5,105
"124",24,1993,1096,136,736,37,2,9,33,3,85,254,4,88
"125",24,1994,992,138,697,35,1,11,21,3,68,194,8,91
"126",24,1995,877,109,504,27,0,15,30,0,50,131,9,67
"127",24,1996,816,122,486,38,1,8,16,4,58,136,8,75
"128",24,1997,1051,136,612,35,1,3,23,2,45,143,14,97
"129",24,1998,1008,108,513,33,2,7,31,1,45,140,8,66
"130",24,1999,829,109,544,47,2,9,98,0,45,108,5,51
"131",24,2000,863,70,433,21,2,3,300,7,41,112,3,44
"132",24,2001,666,58,306,23,3,1,238,22,35,73,9,31
"133",25,1990,358,65,425,17,0,11,5,1,79,160,8,37
"134",25,1991,470,58,399,15,0,8,4,1,75,104,3,35
"135",25,1992,636,88,406,18,1,6,9,2,65,96,4,63
"136",25,1993,607,74,305,18,2,3,5,3,42,92,5,51
"137",25,1994,505,58,337,17,0,2,5,3,55,93,7,39
"138",25,1995,417,52,284,14,0,6,4,0,40,78,5,32
"139",25,1996,412,54,242,16,1,2,3,1,34,64,10,35
"140",25,1997,451,50,213,9,1,7,9,1,21,48,7,33
"141",25,1998,509,55,269,20,0,7,13,1,47,71,4,28
"142",25,1999,453,40,238,13,1,3,44,4,34,49,9,23
"143",25,2000,513,60,211,26,2,9,129,8,33,45,8,23
"144",25,2001,509,44,191,30,1,2,174,21,35,46,9,11
"145",26,1990,708,88,333,33,2,12,6,3,70,92,14,41
"146",26,1991,880,84,369,30,0,13,9,0,80,116,21,41
"147",26,1992,1130,106,380,30,1,8,6,0,79,97,12,67
"148",26,1993,1414,179,386,63,2,6,22,3,73,84,9,108
"149",26,1994,887,91,296,22,1,7,12,3,57,65,9,61
"150",26,1995,719,86,264,27,2,3,18,3,51,72,19,54
"151",26,1996,559,42,196,15,2,4,5,0,57,43,11,21
"152",26,1997,484,32,184,10,1,8,6,0,42,51,16,13
"153",26,1998,279,33,132,16,1,5,19,2,23,37,2,11
"154",26,1999,208,19,106,4,1,1,23,1,13,29,4,13
"155",26,2000,257,19,71,9,1,0,85,6,10,24,0,9
"156",26,2001,138,11,62,8,0,1,23,2,11,13,2,2
"157",27,1990,364,50,286,26,0,4,18,1,65,121,5,20
"158",27,1991,366,52,278,11,0,7,1,0,69,78,5,34
"159",27,1992,560,75,292,26,0,3,4,1,66,93,10,46
"160",27,1993,587,88,284,26,1,4,18,4,71,78,8,57
"161",27,1994,469,56,224,27,0,2,10,0,43,68,11,27
"162",27,1995,405,54,225,12,1,5,11,2,35,69,6,36
"163",27,1996,365,31,215,8,0,1,2,2,47,58,3,22
"164",27,1997,397,47,186,16,0,5,6,2,35,46,9,26
"165",27,1998,521,65,229,31,3,5,11,3,48,63,11,26
"166",27,1999,439,47,201,23,0,4,20,6,35,56,11,20
"167",27,2000,512,49,202,27,0,0,104,16,35,59,8,22
"168",27,2001,538,44,146,27,4,1,223,21,22,47,8,12
"169",28,1990,135,20,216,9,0,5,0,1,34,120,3,6
"170",28,1991,116,11,206,3,0,0,0,0,24,88,2,8
"171",28,1992,118,13,142,1,0,3,0,0,32,64,1,9
"172",28,1993,147,10,108,1,0,0,7,0,15,55,6,9
"173",28,1994,124,14,121,1,0,2,0,0,16,53,3,11
"174",28,1995,153,22,88,5,2,3,4,0,7,35,0,12
"175",28,1996,118,12,82,1,0,0,0,0,13,19,1,11
"176",28,1997,141,11,93,3,1,0,2,0,14,22,3,7
"177",28,1998,134,13,128,3,0,3,1,0,19,50,3,7
"178",28,1999,111,15,86,5,0,0,4,4,9,29,2,10
"179",28,2000,142,10,80,2,0,1,8,4,19,22,1,7
"180",28,2001,168,9,87,4,0,0,10,5,20,33,1,5
"181",29,1990,502,39,548,16,0,1,4,0,103,245,7,22
"182",29,1991,462,36,556,5,1,6,3,2,98,249,5,24
"183",29,1992,658,56,546,14,0,3,1,1,103,226,7,39
"184",29,1993,671,45,539,11,0,3,5,1,82,246,5,31
"185",29,1994,707,49,558,17,3,5,13,2,91,248,12,24
"186",29,1995,621,41,414,10,0,3,10,2,90,133,11,28
"187",29,1996,688,26,421,6,0,5,4,0,85,131,13,15
"188",29,1997,695,39,454,13,1,2,18,2,86,118,20,23
"189",29,1998,677,35,502,9,0,4,9,0,106,135,19,22
"190",29,1999,620,56,522,21,1,4,21,2,91,174,21,30
"191",29,2000,797,48,428,22,1,1,69,7,71,108,18,24
"192",29,2001,847,53,463,23,1,1,140,14,90,133,14,28
"193",31,1990,744,75,1027,19,0,4,10,2,179,422,6,52
"194",31,1991,636,66,838,18,1,4,2,0,158,328,7,43
"195",31,1992,862,72,1048,17,0,3,14,1,130,411,9,52
"196",31,1993,1084,60,969,16,0,6,8,3,123,320,17,38
"197",31,1994,792,60,836,13,2,4,8,2,110,260,13,41
"198",31,1995,688,65,710,10,0,8,11,1,81,200,15,47
"199",31,1996,752,41,667,11,0,4,12,0,66,183,7,26
"200",31,1997,922,63,841,17,1,9,11,4,104,190,19,36
"201",31,1998,876,57,767,18,0,8,6,1,106,189,13,31
"202",31,1999,792,76,787,25,0,8,46,3,98,211,13,43
"203",31,2000,1074,80,716,33,1,4,53,5,136,144,23,42
"204",31,2001,1108,71,684,35,0,3,79,18,141,160,18,33
"205",32,1990,1216,99,774,33,0,9,7,0,143,350,13,57
"206",32,1991,1173,105,694,24,2,5,9,0,138,303,10,74
"207",32,1992,1341,113,880,28,2,1,13,0,146,436,8,82
"208",32,1993,1591,135,723,37,0,6,10,3,151,252,21,92
"209",32,1994,1301,124,625,34,1,9,18,5,125,233,16,80
"210",32,1995,1012,64,521,17,1,9,32,3,82,203,16,37
"211",32,1996,1051,56,550,17,0,9,13,3,93,163,22,30
"212",32,1997,1159,63,613,20,1,5,14,2,135,147,30,37
"213",32,1998,964,93,588,28,0,10,20,6,97,202,26,55
"214",32,1999,888,64,528,26,1,7,38,4,89,178,27,30
"215",32,2000,1286,88,535,34,1,4,136,9,137,138,29,49
"216",32,2001,1310,76,576,46,1,4,107,19,157,193,23,25
"217",33,1990,657,74,364,38,0,5,14,1,87,133,13,31
"218",33,1991,487,49,279,17,0,5,1,1,99,75,7,27
"219",33,1992,612,65,320,29,0,2,3,0,78,98,7,34
"220",33,1993,908,95,289,54,1,9,7,4,92,87,18,31
"221",33,1994,917,97,323,48,2,7,7,7,93,65,14,40
"222",33,1995,588,48,195,19,1,7,6,5,51,47,15,21
"223",33,1996,488,44,172,20,0,3,6,2,41,57,11,21
"224",33,1997,430,27,148,14,0,6,9,4,47,36,12,7
"225",33,1998,362,22,164,7,1,3,4,0,42,39,7,11
"226",33,1999,390,33,131,17,2,3,12,5,32,34,10,11
"227",33,2000,479,47,139,23,2,5,45,10,31,32,9,17
"228",33,2001,443,31,143,23,1,1,54,14,49,33,8,6
"229",34,1990,584,33,593,10,0,5,8,0,107,263,3,18
"230",34,1991,487,19,505,8,0,2,1,0,121,196,3,9
"231",34,1992,569,37,539,11,0,2,1,0,96,232,10,24
"232",34,1993,721,23,536,4,0,0,1,1,96,201,4,19
"233",34,1994,595,26,442,5,0,2,6,3,73,144,4,19
"234",34,1995,515,29,392,8,0,3,5,2,68,134,10,18
"235",34,1996,542,26,392,9,0,3,3,2,72,130,8,14
"236",34,1997,605,23,421,6,0,4,6,1,82,137,5,13
"237",34,1998,670,30,479,10,0,6,9,2,56,150,10,14
"238",34,1999,644,46,563,16,0,2,23,4,85,189,18,28
"239",34,2000,718,45,430,16,0,4,33,16,70,100,14,25
"240",34,2001,839,53,586,27,0,0,52,13,172,124,21,26
"241",35,1990,99,6,106,4,0,0,2,0,26,42,1,2
"242",35,1991,111,6,96,2,0,0,0,0,16,34,0,4
"243",35,1992,146,5,94,0,0,2,0,1,19,36,1,3
"244",35,1993,201,7,134,2,1,0,0,0,24,70,3,4
"245",35,1994,173,5,116,2,0,0,0,0,25,29,0,3
"246",35,1995,136,3,80,1,0,2,0,0,14,38,1,0
"247",35,1996,145,2,69,0,0,0,0,0,14,19,2,2
"248",35,1997,170,9,73,6,0,1,0,0,18,23,4,2
"249",35,1998,182,5,100,0,1,1,0,0,23,23,0,3
"250",35,1999,146,5,84,2,0,0,2,0,18,19,3,3
"251",35,2000,177,7,83,5,0,1,8,1,23,23,5,1
"252",35,2001,191,9,93,8,0,0,5,1,23,26,3,1
"253",41,1990,432,45,350,22,0,5,5,1,99,136,6,18
"254",41,1991,427,57,322,25,0,8,7,0,95,108,21,24
"255",41,1992,533,45,354,17,2,7,4,1,101,126,19,19
"256",41,1993,893,50,354,26,1,2,7,6,95,132,12,21
"257",41,1994,756,55,316,21,1,8,6,3,73,107,10,25
"258",41,1995,728,55,287,28,1,5,10,4,66,88,15,21
"259",41,1996,638,52,270,26,1,2,3,2,72,70,12,23
"260",41,1997,713,45,224,29,2,3,6,1,52,66,16,11
"261",41,1998,620,57,282,23,0,4,10,2,70,73,9,30
"262",41,1999,481,47,283,23,2,3,16,1,66,70,9,19
"263",41,2000,495,30,265,15,0,0,53,0,73,70,11,15
"264",41,2001,353,22,176,13,0,1,81,5,43,32,7,8
"265",42,1990,496,29,383,14,0,2,1,2,77,161,12,13
"266",42,1991,356,15,367,4,0,1,0,0,104,145,6,10
"267",42,1992,541,34,412,15,0,2,2,1,80,191,16,17
"268",42,1993,641,28,426,7,0,0,3,2,91,154,10,21
"269",42,1994,634,39,324,12,0,4,11,0,64,132,2,23
"270",42,1995,544,23,298,4,0,3,2,0,71,92,5,16
"271",42,1996,522,29,308,10,0,2,1,1,58,100,14,17
"272",42,1997,630,29,360,6,1,5,2,0,53,128,17,17
"273",42,1998,635,32,389,9,0,8,9,1,61,116,16,15
"274",42,1999,514,39,373,11,0,4,13,3,71,129,14,24
"275",42,2000,616,40,378,23,0,0,46,3,97,99,13,17
"276",42,2001,590,30,389,15,1,2,35,11,110,110,12,12
"277",43,1990,327,24,355,11,0,2,0,2,55,156,4,11
"278",43,1991,288,11,255,3,0,1,4,0,60,104,2,7
"279",43,1992,372,19,364,5,1,1,0,0,59,142,1,12
"280",43,1993,414,16,356,6,0,3,4,0,62,173,9,7
"281",43,1994,361,15,294,6,0,0,3,0,51,109,11,9
"282",43,1995,324,22,236,7,0,1,9,1,43,74,7,14
"283",43,1996,362,16,259,4,0,2,6,1,40,78,13,10
"284",43,1997,415,19,265,7,0,4,0,2,43,86,11,8
"285",43,1998,433,20,291,7,0,2,6,0,52,83,8,11
"286",43,1999,325,24,240,15,0,1,18,2,35,76,7,8
"287",43,2000,481,21,288,8,0,3,27,3,66,56,10,10
"288",43,2001,501,28,292,16,1,3,45,11,56,66,13,8
"289",44,1990,507,28,597,9,2,5,11,0,62,258,3,12
"290",44,1991,441,19,472,8,0,3,15,0,55,194,3,8
"291",44,1992,520,23,562,8,0,2,4,1,67,217,3,13
"292",44,1993,571,17,565,5,0,0,6,0,58,214,2,12
"293",44,1994,485,39,543,11,0,2,7,0,66,173,5,26
"294",44,1995,379,28,476,10,1,4,9,0,52,143,2,13
"295",44,1996,362,25,356,9,0,5,1,0,52,89,7,11
"296",44,1997,408,23,419,8,0,2,2,1,42,99,9,13
"297",44,1998,405,14,355,7,0,0,8,0,48,99,3,7
"298",44,1999,348,18,379,7,0,0,26,2,44,92,6,11
"299",44,2000,409,19,356,6,1,0,20,5,37,81,1,12
"300",44,2001,344,15,283,5,0,2,24,6,39,63,7,8
"301",45,1990,440,27,451,8,0,5,2,0,69,211,4,14
"302",45,1991,382,25,415,6,0,5,2,0,73,205,4,14
"303",45,1992,483,20,491,4,1,2,3,1,75,230,6,13
"304",45,1993,531,22,431,3,1,2,2,1,79,188,8,16
"305",45,1994,463,13,313,3,0,2,9,0,57,148,9,8
"306",45,1995,385,18,289,5,0,0,1,2,57,108,14,13
"307",45,1996,410,20,276,5,0,3,7,0,36,73,10,12
"308",45,1997,547,21,321,3,1,4,5,0,44,82,9,13
"309",45,1998,520,32,370,12,0,5,10,0,51,121,9,15
"310",45,1999,481,32,317,12,0,3,10,2,37,96,9,17
"311",45,2000,523,39,350,19,1,4,54,6,74,90,8,15
"312",45,2001,624,34,427,14,0,3,31,7,102,122,13,17
"313",46,1990,385,26,446,8,0,3,2,0,53,217,4,15
"314",46,1991,336,27,421,5,0,4,3,0,93,186,4,18
"315",46,1992,385,15,410,2,0,2,6,0,70,178,1,11
"316",46,1993,540,21,439,7,0,5,4,0,77,168,7,9
"317",46,1994,469,27,336,3,0,4,6,1,56,116,13,20
"318",46,1995,418,8,243,4,0,3,7,0,49,71,7,1
"319",46,1996,385,8,240,3,0,2,3,0,47,64,8,3
"320",46,1997,509,21,319,5,0,3,4,2,57,67,10,13
"321",46,1998,514,21,403,5,0,2,3,0,52,119,16,14
"322",46,1999,495,14,378,4,0,0,7,1,70,103,9,10
"323",46,2000,478,28,292,13,0,3,39,6,46,68,14,12
"324",46,2001,566,34,362,16,1,3,48,10,79,67,11,14
"325",47,1990,474,15,486,4,0,3,0,0,76,245,13,8
"326",47,1991,427,13,413,5,1,3,0,0,77,201,6,4
"327",47,1992,504,15,507,4,0,2,0,0,100,178,6,9
"328",47,1993,606,14,489,2,0,2,1,1,74,200,10,10
"329",47,1994,550,17,396,5,0,3,0,1,87,142,23,9
"330",47,1995,517,11,282,4,0,3,1,0,63,89,15,4
"331",47,1996,493,18,244,9,0,3,6,1,47,71,12,6
"332",47,1997,537,14,289,7,0,2,2,2,55,64,12,5
"333",47,1998,531,12,302,4,0,1,5,0,48,84,18,7
"334",47,1999,496,13,343,3,0,1,12,0,55,94,12,9
"335",47,2000,631,17,392,6,0,3,59,10,64,109,14,8
"336",47,2001,735,29,447,11,0,5,49,11,84,100,25,13
"337",51,1990,1109,136,576,75,1,5,21,3,111,269,15,55
"338",51,1991,1265,127,559,53,1,10,4,1,132,234,8,63
"339",51,1992,1273,128,482,47,3,9,12,4,112,184,14,69
"340",51,1993,1396,117,427,40,3,7,9,6,92,149,9,67
"341",51,1994,1089,105,514,45,1,5,21,5,131,189,13,54
"342",51,1995,965,107,467,36,4,11,20,5,109,181,18,56
"343",51,1996,762,73,384,29,4,6,16,7,93,124,7,34
"344",51,1997,776,53,388,24,3,5,16,3,82,142,17,21
"345",51,1998,941,88,399,36,1,9,30,5,97,122,7,42
"346",51,1999,874,88,436,40,4,13,46,3,101,165,22,31
"347",51,2000,879,72,379,34,3,6,134,6,102,103,16,29
"348",51,2001,968,68,342,43,2,4,163,31,114,88,18,19
"349",52,1990,477,73,1101,12,0,3,8,1,247,445,2,58
"350",52,1991,392,86,1068,9,1,2,3,0,178,420,2,74
"351",52,1992,451,65,1007,7,0,3,4,0,133,466,0,55
"352",52,1993,766,64,964,14,0,1,1,1,110,360,4,49
"353",52,1994,629,51,858,10,0,3,7,0,110,285,6,38
"354",52,1995,448,57,672,7,1,3,2,0,122,164,5,46
"355",52,1996,345,35,530,5,0,2,11,2,76,138,1,28
"356",52,1997,545,46,626,6,0,7,5,0,73,143,3,33
"357",52,1998,523,47,765,9,0,6,10,2,189,160,10,32
"358",52,1999,389,50,827,13,2,5,14,5,123,193,2,30
"359",52,2000,489,40,590,13,0,7,30,5,169,105,8,20
"360",52,2001,562,49,541,18,0,4,32,8,87,112,14,27
"361",53,1990,868,90,1007,31,0,6,7,1,210,455,9,53
"362",53,1991,877,110,942,25,1,5,22,0,179,402,4,79
"363",53,1992,1346,164,1047,51,0,7,15,3,174,485,12,106
"364",53,1993,1556,131,1005,36,2,7,21,5,165,417,8,86
"365",53,1994,1259,119,920,34,2,9,17,4,183,325,15,74
"366",53,1995,973,84,661,19,1,5,10,6,132,199,12,59
"367",53,1996,783,66,581,23,0,6,12,3,97,199,14,37
"368",53,1997,872,57,589,16,2,0,17,2,107,148,24,39
"369",53,1998,967,77,662,31,1,6,23,1,125,183,11,39
"370",53,1999,797,95,773,22,3,6,66,4,118,204,24,64
"371",53,2000,1035,88,605,45,0,2,122,10,132,146,26,41
"372",53,2001,1062,82,504,37,0,5,162,33,117,123,35,40
"373",54,1990,582,47,1043,10,0,3,3,0,187,536,1,34
"374",54,1991,549,44,751,10,0,3,3,0,181,343,4,31
"375",54,1992,577,38,720,8,0,3,6,1,204,311,4,27
"376",54,1993,761,44,666,12,0,3,12,0,138,303,9,29
"377",54,1994,673,26,594,3,1,1,7,0,111,217,5,21
"378",54,1995,525,35,463,4,0,2,12,2,67,165,15,29
"379",54,1996,360,29,277,6,0,5,4,2,35,106,7,18
"380",54,1997,477,27,423,10,2,3,4,1,89,116,6,12
"381",54,1998,575,39,562,10,0,3,21,3,110,168,13,26
"382",54,1999,481,50,517,11,0,3,20,2,79,148,21,36
"383",54,2000,636,46,450,10,0,0,27,5,93,117,22,36
"384",54,2001,543,25,371,14,0,0,48,12,65,150,13,11
"385",55,1990,1674,246,1823,63,0,18,21,2,417,652,15,165
"386",55,1991,1667,270,1579,52,0,15,39,0,345,491,8,203
"387",55,1992,1735,282,1434,44,4,18,11,6,325,415,11,216
"388",55,1993,2118,240,1418,49,2,9,27,12,317,406,22,180
"389",55,1994,1614,193,1164,36,2,17,30,2,237,315,20,138
"390",55,1995,1362,162,930,36,2,14,23,2,202,220,25,110
"391",55,1996,1074,145,824,21,2,15,18,2,134,230,19,107
"392",55,1997,1332,158,1001,51,1,10,31,5,154,255,25,96
"393",55,1998,1368,175,1054,61,0,8,36,6,201,227,40,106
"394",55,1999,1315,154,1150,44,0,12,78,7,204,253,23,98
"395",55,2000,1641,210,1048,81,2,11,204,30,255,165,27,116
"396",55,2001,1594,169,855,88,0,7,267,28,184,158,41,74
"397",56,1990,724,92,600,34,2,10,15,0,138,247,12,46
"398",56,1991,723,119,571,27,0,11,10,2,127,194,8,81
"399",56,1992,1121,160,599,43,1,7,7,2,129,193,6,109
"400",56,1993,1048,109,443,39,1,8,27,1,104,155,13,61
"401",56,1994,769,106,439,34,1,9,17,5,96,142,14,62
"402",56,1995,634,90,352,31,1,5,8,1,87,100,16,53
"403",56,1996,497,63,299,20,2,6,1,2,70,88,12,35
"404",56,1997,568,65,327,27,1,5,7,3,67,95,11,32
"405",56,1998,558,50,348,24,2,7,8,2,81,106,14,17
"406",56,1999,500,48,377,22,4,1,24,5,55,125,11,21
"407",56,2000,574,80,311,41,2,5,60,8,57,83,14,32
"408",56,2001,541,39,228,17,0,1,63,12,56,52,8,21
"409",57,1990,419,55,494,27,1,6,4,1,97,194,5,21
"410",57,1991,413,47,433,12,0,2,4,1,91,158,7,33
"411",57,1992,591,68,393,16,0,6,9,0,68,141,7,46
"412",57,1993,701,71,464,23,1,7,8,4,65,173,4,40
"413",57,1994,677,79,434,29,3,7,10,3,85,175,7,40
"414",57,1995,506,61,396,23,2,1,19,3,61,137,9,35
"415",57,1996,488,35,277,15,1,0,4,1,47,101,9,19
"416",57,1997,440,36,308,16,0,6,6,3,60,94,12,14
"417",57,1998,439,42,398,19,0,1,6,1,78,125,10,22
"418",57,1999,397,48,350,17,1,3,34,5,47,143,14,27
"419",57,2000,578,42,339,23,1,0,40,7,54,87,16,18
"420",57,2001,523,40,327,14,2,6,49,12,54,97,12,18
"421",58,1990,908,106,640,43,0,10,14,2,139,267,10,53
"422",58,1991,1125,155,663,42,3,14,15,0,154,247,11,96
"423",58,1992,1650,218,690,60,1,12,17,4,159,214,9,145
"424",58,1993,1352,178,650,64,6,8,15,9,149,236,9,100
"425",58,1994,1328,143,636,38,2,9,33,10,144,224,14,94
"426",58,1995,1143,174,590,50,4,22,27,8,142,190,13,98
"427",58,1996,1033,130,465,56,4,6,12,8,88,153,8,64
"428",58,1997,909,103,524,40,4,8,27,5,124,155,13,51
"429",58,1998,904,112,504,44,4,5,38,9,149,157,19,59
"430",58,1999,732,64,412,28,5,4,36,3,77,139,8,27
"431",58,2000,758,71,392,32,0,4,78,12,82,115,18,35
"432",58,2001,740,66,386,33,1,6,96,21,90,132,26,26
"433",61,1990,830,142,1599,30,0,15,8,4,267,587,7,97
"434",61,1991,752,166,1957,20,0,15,2,0,396,581,3,131
"435",61,1992,963,171,1588,8,0,12,4,1,263,513,1,151
"436",61,1993,1380,188,1638,30,1,10,11,3,243,526,6,147
"437",61,1994,1055,127,1272,18,0,8,16,2,183,383,4,101
"438",61,1995,982,128,1104,23,1,6,22,1,201,231,6,98
"439",61,1996,802,88,898,17,2,10,14,0,172,160,12,59
"440",61,1997,940,81,1080,11,1,12,14,2,170,197,8,57
"441",61,1998,877,82,1059,20,0,8,22,2,220,201,6,54
"442",61,1999,789,106,1233,27,0,12,37,3,192,199,3,67
"443",61,2000,982,102,1139,33,2,1,41,14,198,183,10,66
"444",61,2001,866,72,850,25,0,7,44,11,166,128,11,40
"445",62,1990,673,92,1888,15,0,6,7,0,409,770,6,71
"446",62,1991,481,101,1890,5,1,2,0,1,309,814,1,93
"447",62,1992,611,89,1578,4,1,4,2,1,229,712,1,80
"448",62,1993,701,70,1351,3,0,3,0,1,151,567,1,64
"449",62,1994,773,55,1310,2,0,1,3,0,191,446,2,52
"450",62,1995,604,51,1145,5,1,1,4,0,183,302,3,44
"451",62,1996,402,35,721,6,1,0,3,3,97,167,2,28
"452",62,1997,511,53,912,5,0,2,4,0,127,220,4,46
"453",62,1998,444,39,898,4,0,1,6,3,288,162,3,34
"454",62,1999,405,38,1005,5,0,2,22,0,168,190,5,31
"455",62,2000,459,38,725,5,0,4,28,3,171,117,2,29
"456",62,2001,497,39,720,11,0,4,9,9,151,144,3,24
"457",63,1990,537,61,1075,10,0,5,6,0,236,455,2,46
"458",63,1991,402,62,1102,6,0,8,12,0,211,422,3,48
"459",63,1992,618,84,1040,12,1,4,20,1,233,374,4,67
"460",63,1993,645,82,806,12,0,8,19,2,142,263,4,62
"461",63,1994,711,77,765,13,0,10,14,5,144,232,9,54
"462",63,1995,518,56,646,7,1,9,11,0,90,167,4,39
"463",63,1996,430,45,503,12,1,3,10,3,56,135,9,29
"464",63,1997,485,43,637,7,0,6,21,2,140,122,8,30
"465",63,1998,448,55,569,17,0,13,34,1,119,95,9,25
"466",63,1999,423,55,582,10,0,7,36,6,83,138,5,38
"467",63,2000,470,41,497,9,1,1,28,6,80,106,7,30
"468",63,2001,387,26,432,7,1,2,20,7,97,97,7,16
"469",64,1990,342,27,945,4,0,2,1,3,108,477,3,21
"470",64,1991,314,30,868,4,0,3,1,0,107,469,2,23
"471",64,1992,360,32,691,2,0,4,1,1,109,326,1,26
"472",64,1993,429,28,628,3,0,1,0,0,103,238,1,24
"473",64,1994,373,33,539,8,1,1,6,1,65,210,1,23
"474",64,1995,269,25,388,1,0,2,2,0,69,83,6,22
"475",64,1996,269,9,349,2,0,2,6,0,55,59,2,5
"476",64,1997,287,20,338,6,0,1,5,0,47,84,0,13
"477",64,1998,271,27,360,10,0,4,2,0,53,65,2,13
"478",64,1999,219,20,329,3,0,1,4,0,49,58,3,16
"479",64,2000,275,21,365,4,0,0,26,4,67,68,3,17
"480",64,2001,258,25,310,3,0,2,9,9,44,75,2,20
"481",65,1990,426,25,579,9,0,3,4,0,91,294,3,13
"482",65,1991,341,21,473,5,0,1,2,0,105,193,3,15
"483",65,1992,464,23,583,1,1,3,0,0,89,258,0,18
"484",65,1993,571,18,591,3,0,1,0,0,113,215,2,14
"485",65,1994,521,19,495,4,2,0,4,0,89,162,3,13
"486",65,1995,432,17,369,3,0,1,7,0,63,82,7,13
"487",65,1996,393,13,289,6,0,1,12,0,44,64,3,6
"488",65,1997,359,13,262,3,0,2,21,0,42,59,6,8
"489",65,1998,349,21,290,8,0,1,11,1,50,78,6,12
"490",65,1999,296,19,278,8,0,1,11,2,43,66,3,10
"491",65,2000,451,23,323,5,0,1,24,2,73,77,10,17
"492",65,2001,348,21,254,9,0,2,20,7,56,47,10,10
"493",66,1990,497,43,309,19,0,1,8,0,59,148,6,23
"494",66,1991,511,30,326,7,0,2,1,0,111,102,2,21
"495",66,1992,704,62,418,19,2,3,1,2,92,158,4,38
"496",66,1993,789,75,409,24,1,6,13,3,95,143,7,44
"497",66,1994,651,40,337,11,1,3,12,2,79,111,13,25
"498",66,1995,584,33,292,13,0,1,10,0,66,72,8,19
"499",66,1996,450,17,230,6,1,3,2,1,59,53,9,7
"500",66,1997,551,35,201,9,1,4,14,1,50,49,8,21
"501",66,1998,476,24,198,9,2,3,15,1,47,50,5,10
"502",66,1999,455,37,195,17,1,4,15,6,50,57,8,15
"503",66,2000,514,42,230,13,1,3,43,10,53,56,26,25
"504",66,2001,543,36,247,23,2,2,41,4,66,67,17,9
