PRECINCT,YEAR,MONTH,C_DRUGS,C_SHOTS,AGGASS,ARSON,ASSAULT_BY_PRISONER,ASSAULT_OFFICER_NO_INJURY,BURGLARY,CMIS,DISCONDUCT,DRUGS,DRUNKEN_DRIVING,EMBEZZLEMENT,FAMILY_VIOLENCE,FORGERY,FRAUD,GAMBLING,LARCENY,LIQUOR_LAW_VIOLATIONS,MVTHEFT,MURDER_MANSLAUGHTER,NEGLIGENT_MANSLAUGHTER,PROSTITUION,PROSTITUTION,PUBLIC_DRUNKENNESS,RAPE,ROBBERY,RUNAWAY,SEX_OFFENSE,SEXOFF,SIMPASS,STOLEN_PROPERTY,TRESPASS,VAGRANCY,VANDALISM,WEAPONS,VCI,P1P,P1V
1,1990,1,30,7,13,3,0,0,77,94,41,6,0,0,7,2,5,0,95,7,99,1,1,0,0,4,2,29,0,12,0,89,18,6,1,0,1,264,300,45
1,1990,2,31,8,9,9,1,0,62,125,49,3,0,2,5,0,6,0,121,3,106,0,0,1,0,6,0,16,0,0,0,90,6,9,2,0,1,312,305,25
1,1990,3,22,10,7,10,0,0,56,129,53,0,0,0,8,1,4,0,103,6,138,0,0,0,0,9,5,20,1,7,0,107,5,14,2,0,0,331,317,32
1,1990,4,39,9,13,5,0,0,56,94,40,3,2,0,6,0,4,0,102,12,98,0,0,0,0,21,1,30,0,7,0,123,12,3,2,0,1,310,286,44
1,1990,5,37,11,11,6,0,0,48,130,65,11,0,0,2,0,2,0,95,14,122,0,0,0,0,10,1,20,0,2,0,117,2,6,1,1,3,366,285,32
1,1990,6,28,31,7,2,0,0,52,132,62,2,0,0,1,0,5,0,103,7,120,0,0,0,0,35,0,14,0,6,0,136,2,5,0,0,0,391,289,21
1,1990,7,36,19,6,5,0,0,71,121,54,1,0,0,4,1,7,1,110,2,134,0,0,0,0,38,1,17,0,1,1,122,6,3,0,0,0,357,332,24
1,1990,8,44,19,13,5,0,0,59,133,41,4,1,0,1,0,4,0,108,0,125,0,0,0,0,3,3,25,0,7,0,101,5,6,0,0,2,343,317,41
1,1990,9,30,16,14,9,0,0,57,106,30,1,1,0,8,2,3,0,88,0,159,0,0,0,0,4,2,25,1,7,0,110,2,1,1,1,0,301,329,41
1,1990,10,45,21,21,4,0,0,84,131,32,2,3,2,3,1,11,0,128,5,167,0,0,0,0,8,2,32,0,7,0,106,1,6,2,0,0,339,411,55
1,1990,11,27,22,9,5,0,0,66,83,28,2,2,2,5,0,9,0,86,3,152,1,0,0,0,7,5,26,0,6,0,113,2,0,0,0,0,278,330,41
1,1990,12,25,13,11,2,0,0,71,71,25,6,2,2,5,1,7,0,85,0,147,0,0,0,0,14,2,28,1,3,0,80,4,3,1,0,1,216,331,41
1,1991,1,49,12,7,9,0,0,85,73,34,1,1,1,7,0,8,0,69,1,75,1,0,0,0,26,2,26,0,2,0,93,2,3,0,0,1,270,255,36
1,1991,2,34,12,4,2,0,0,57,63,30,14,2,0,6,0,8,0,73,4,74,0,0,0,0,22,2,23,0,3,0,70,0,1,1,0,0,211,227,29
1,1991,3,53,7,2,7,0,0,78,65,33,1,2,0,8,0,5,0,80,2,84,0,0,0,0,17,3,17,0,7,0,84,0,2,1,0,0,249,259,22
1,1991,4,55,9,7,7,0,0,50,87,23,1,1,1,7,4,5,0,104,0,98,0,0,0,0,0,3,24,0,3,0,113,0,2,1,1,0,294,276,34
1,1991,5,64,17,13,4,0,0,75,64,24,0,0,0,5,2,3,0,118,1,105,0,0,0,0,0,6,12,1,3,0,121,0,4,0,0,0,294,310,31
1,1991,6,71,19,6,4,0,0,68,82,24,5,0,1,3,2,6,0,109,0,122,0,0,0,0,0,4,21,1,5,0,110,0,6,0,0,0,310,320,31
1,1991,7,106,14,15,8,0,0,125,95,46,4,0,0,1,3,10,0,119,0,129,0,0,0,0,0,7,28,0,5,0,132,1,3,2,0,0,401,401,50
1,1991,8,83,20,6,10,0,0,101,101,43,1,0,1,3,4,8,0,121,0,121,0,0,0,0,1,2,27,0,7,0,141,1,4,0,0,0,398,370,35
1,1991,9,93,24,8,6,0,1,101,89,28,0,1,1,3,1,3,0,126,0,95,0,0,0,0,0,1,30,0,3,0,116,0,6,0,0,0,356,352,39
1,1991,10,74,18,7,10,0,0,72,105,38,0,0,4,3,2,9,0,101,0,137,0,0,0,0,0,3,39,1,2,0,147,1,6,1,0,0,392,349,49
1,1991,11,56,19,9,9,0,0,46,84,22,4,1,1,3,0,6,0,78,0,97,0,0,0,0,0,2,35,0,6,0,86,1,5,0,0,0,276,256,46
1,1991,12,72,24,7,5,0,0,65,90,24,7,2,1,1,1,7,0,108,0,85,0,0,0,0,0,2,27,0,2,0,76,1,0,2,0,0,291,285,36
1,1992,1,57,12,1,4,0,0,86,79,28,3,1,0,5,1,7,0,80,0,113,0,0,0,0,1,2,24,0,6,0,92,0,5,2,0,0,272,303,27
1,1992,2,94,18,9,4,0,0,70,90,45,6,3,0,4,2,4,0,75,0,95,0,0,0,0,0,4,20,1,3,0,72,0,2,3,0,0,323,260,33
1,1992,3,93,28,6,5,0,0,40,93,26,8,0,2,3,1,5,0,85,0,107,0,0,0,0,0,1,24,0,10,0,83,0,3,0,0,0,328,256,31
1,1992,4,81,21,11,5,0,0,42,103,45,8,0,2,3,0,7,0,102,0,102,1,0,0,0,0,0,19,0,6,0,127,0,3,0,1,0,382,265,31
1,1992,5,71,22,9,9,0,1,55,103,46,4,0,0,2,0,5,0,90,1,114,0,0,0,0,1,0,22,0,5,0,110,0,4,1,1,0,361,281,31
1,1992,6,83,31,11,1,0,0,68,87,29,0,1,1,6,1,4,0,115,0,120,0,0,0,0,0,3,28,0,2,0,113,2,1,2,1,0,344,331,42
1,1992,7,98,39,9,3,0,0,69,89,36,2,0,0,5,1,5,0,103,1,125,0,0,0,0,1,6,27,0,5,0,155,0,5,2,0,1,420,324,42
1,1992,8,90,43,9,3,0,2,43,97,32,7,0,0,3,1,9,0,136,0,109,1,0,0,0,20,3,23,0,6,0,138,1,9,0,0,0,403,311,36
1,1992,9,108,33,7,6,0,0,61,164,40,4,0,1,1,1,4,0,113,0,101,0,0,0,0,3,1,36,0,5,0,128,2,5,0,1,0,479,311,44
1,1992,10,106,58,9,7,0,0,61,171,47,5,3,1,7,3,7,0,110,0,155,0,0,0,0,1,0,24,0,3,0,121,7,5,0,0,1,510,350,33
1,1992,11,47,38,10,5,0,1,75,181,52,5,0,1,2,2,12,0,111,0,129,0,0,0,0,0,1,21,0,2,0,141,8,2,0,0,1,464,336,32
1,1992,12,61,60,13,6,0,0,116,193,25,2,0,0,6,3,21,0,105,0,151,0,0,0,0,0,1,38,0,4,0,117,2,7,3,0,1,462,410,52
1,1993,1,94,74,16,6,0,0,79,208,42,5,0,0,5,4,6,1,138,1,175,0,0,0,0,0,2,35,0,8,0,182,6,2,1,1,1,606,427,53
1,1993,2,74,86,13,6,0,0,49,144,37,2,0,0,4,0,9,0,92,0,129,1,0,0,0,0,1,25,0,3,0,128,10,5,0,1,3,475,295,40
1,1993,3,77,99,16,3,0,1,56,179,49,2,2,0,7,2,5,0,120,0,120,0,1,0,0,0,2,37,0,10,0,143,1,4,1,0,2,550,333,55
1,1993,4,74,88,18,4,0,1,54,202,25,5,1,1,1,2,7,0,157,1,190,0,0,0,0,1,0,30,0,7,0,117,11,6,3,1,2,510,431,48
1,1993,5,93,112,5,6,0,0,56,180,45,18,1,1,4,4,7,0,118,0,130,0,0,0,0,0,3,21,0,7,1,141,6,10,1,1,1,577,325,29
1,1993,6,82,80,10,2,0,1,48,158,57,3,1,1,9,2,9,0,117,0,99,2,0,0,0,0,1,35,0,7,0,149,3,8,0,3,2,528,299,48
1,1993,7,104,85,14,2,0,0,38,135,36,12,2,0,4,2,8,0,133,1,96,2,0,0,0,1,4,25,0,11,0,156,4,9,3,0,0,518,292,45
1,1993,8,100,64,13,2,0,0,49,135,22,14,1,1,4,1,8,0,134,0,108,0,0,0,0,1,3,25,0,6,0,172,5,12,2,0,0,495,316,41
1,1993,9,86,122,17,9,0,2,56,151,18,6,1,1,5,5,11,1,116,0,99,0,0,0,0,0,3,27,0,4,0,136,3,8,1,1,1,522,298,47
1,1993,10,70,128,11,5,0,1,63,177,34,6,0,0,5,2,13,0,127,0,115,1,0,0,0,0,2,30,0,6,0,148,5,12,0,1,2,562,335,44
1,1993,11,57,75,10,11,0,0,66,156,27,2,2,1,5,3,7,0,106,0,83,0,0,0,0,0,5,16,0,4,0,127,4,9,0,0,4,453,271,31
1,1993,12,57,95,12,2,0,1,51,152,32,7,1,0,5,1,5,0,105,0,96,2,0,0,0,0,1,23,0,5,0,121,2,11,0,0,2,459,275,38
1,1994,1,24,40,12,9,0,1,49,123,28,9,1,0,4,2,7,0,84,0,82,0,0,0,0,0,1,14,0,6,0,104,5,6,3,0,1,328,229,27
1,1994,2,51,50,5,5,0,0,50,94,35,3,1,0,3,3,5,1,83,0,61,0,0,0,0,0,3,23,0,4,0,122,4,8,0,0,1,357,217,31
1,1994,3,55,47,10,4,0,0,46,144,58,8,0,0,7,3,7,0,97,0,100,0,0,0,0,1,3,25,0,11,0,122,0,8,1,0,0,430,268,38
1,1994,4,64,45,6,3,0,0,59,145,34,5,1,0,7,1,8,0,125,1,99,0,0,0,0,0,3,16,0,7,0,136,5,6,1,1,1,427,299,25
1,1994,5,88,55,6,3,0,1,63,116,43,2,0,1,6,2,9,1,96,2,88,0,0,0,0,0,2,25,1,8,0,124,8,11,2,2,1,429,272,33
1,1994,6,57,84,13,5,0,0,40,137,37,8,0,1,6,4,7,0,135,0,109,0,0,0,0,0,2,32,0,10,0,151,4,11,1,2,1,471,316,47
1,1994,7,51,108,17,1,0,0,45,133,53,3,0,0,10,2,6,0,142,1,114,1,0,0,0,0,6,22,0,9,0,161,6,17,2,2,1,507,323,46
1,1994,8,89,135,19,8,0,2,45,127,33,10,1,0,6,3,6,0,122,1,134,1,0,0,0,0,4,30,0,11,1,130,6,10,2,0,1,522,331,54
1,1994,9,70,167,14,3,0,0,50,147,26,7,0,4,7,0,5,0,123,1,93,3,0,0,0,1,1,26,0,6,0,129,5,11,1,0,4,542,292,44
1,1994,10,88,145,9,5,0,0,61,177,38,22,1,1,5,3,6,0,133,0,107,1,0,0,0,0,3,15,0,5,0,136,7,10,1,1,0,589,316,28
1,1994,11,68,96,8,2,0,0,73,176,28,32,0,0,9,2,4,0,116,1,99,0,0,0,0,0,0,22,0,0,0,96,2,15,1,0,1,466,310,30
1,1994,12,65,91,4,5,0,0,60,137,27,11,0,0,6,1,8,0,148,1,75,1,0,0,0,0,6,25,0,12,1,94,4,8,0,0,2,419,308,36
1,1995,1,56,56,2,2,0,0,52,91,19,5,0,1,6,3,8,0,90,0,58,0,0,0,0,0,3,18,0,11,0,76,4,6,1,0,0,300,218,23
1,1995,2,31,87,12,4,0,1,59,81,30,9,6,0,4,0,7,0,94,1,51,1,0,0,0,0,1,24,0,4,0,80,4,10,2,0,2,313,228,38
1,1995,3,35,80,12,1,0,2,35,124,26,10,2,0,3,4,17,0,105,1,66,1,0,0,0,0,1,26,0,10,0,124,4,7,0,2,1,390,232,40
1,1995,4,65,78,11,3,0,0,36,116,33,7,0,1,9,1,9,0,90,0,67,1,0,0,0,0,0,13,0,3,0,115,5,8,0,0,2,410,206,25
1,1995,5,65,81,11,2,0,0,50,150,43,1,0,0,5,2,6,1,141,1,78,0,0,0,0,0,0,23,0,4,0,127,1,15,0,0,0,468,292,34
1,1995,6,69,96,7,3,0,0,39,136,39,8,1,0,5,0,0,1,149,0,61,1,0,0,0,0,0,18,0,2,0,108,4,9,1,1,1,451,267,26
1,1995,7,36,90,9,1,0,0,59,130,42,6,2,0,10,3,1,0,159,1,63,0,0,0,0,1,2,21,0,6,0,128,2,16,2,5,1,427,302,32
1,1995,8,54,93,16,4,0,0,58,111,36,8,2,2,6,2,4,0,120,1,88,1,0,0,0,2,1,19,0,5,0,131,2,9,2,0,1,429,285,37
1,1995,9,61,59,13,6,0,0,43,127,31,10,1,1,13,2,13,0,121,0,74,0,0,0,0,0,3,19,0,4,0,110,5,8,0,5,0,394,257,35
1,1995,10,55,47,6,2,0,1,50,164,44,6,0,2,13,3,4,0,128,0,90,0,0,0,0,0,2,17,0,8,0,103,2,13,0,3,3,415,285,25
1,1995,11,38,43,5,2,0,0,45,121,24,2,3,0,5,2,11,0,98,0,59,0,0,0,0,0,1,23,0,7,0,72,3,4,1,1,0,300,225,29
1,1995,12,44,31,5,4,0,0,36,91,20,5,0,0,10,2,8,0,94,0,68,0,0,0,0,0,0,18,0,6,0,93,3,13,1,2,2,283,216,23
1,1996,1,36,45,10,4,0,0,36,85,19,3,0,0,9,3,7,0,107,0,68,0,0,0,0,0,2,26,0,7,0,96,8,11,0,1,2,285,237,38
1,1996,2,40,46,3,4,0,0,51,119,32,0,2,0,11,3,10,0,92,0,60,0,0,0,0,0,3,13,0,5,0,82,5,13,1,0,0,323,216,19
1,1996,3,51,58,7,3,0,0,54,120,26,6,1,1,3,1,9,0,118,0,48,0,0,0,0,0,0,13,0,5,0,112,2,10,1,0,0,370,233,20
1,1996,4,51,43,8,4,0,0,54,135,36,6,0,0,7,1,8,0,131,0,54,0,0,0,0,0,1,19,0,6,0,70,3,14,2,4,1,339,258,28
1,1996,5,67,92,13,5,0,0,47,141,20,8,0,0,2,3,8,0,133,1,67,0,0,0,0,0,4,12,0,7,0,118,3,15,3,0,0,443,259,29
1,1996,6,61,70,7,6,0,0,42,124,23,4,0,0,6,0,6,0,116,0,67,0,0,0,0,0,4,6,0,11,0,97,2,14,1,0,0,381,231,17
1,1996,7,57,101,6,8,0,2,41,138,31,10,0,2,6,1,10,0,131,0,95,1,0,0,0,0,2,13,0,5,0,98,3,15,0,3,0,433,280,22
1,1996,8,60,53,5,7,0,0,34,141,29,8,5,3,8,4,6,0,168,0,57,0,0,0,0,0,2,23,0,5,0,104,3,6,0,1,2,394,282,30
1,1996,9,50,49,6,1,0,0,42,123,28,9,0,0,8,2,5,0,168,0,64,0,0,0,0,0,3,12,0,11,0,90,3,12,0,1,1,341,286,21
1,1996,10,47,84,9,10,0,0,41,161,30,6,0,0,6,5,10,1,131,0,59,0,0,0,0,0,3,23,0,9,0,108,3,16,1,1,0,440,254,35
1,1996,11,32,38,12,4,0,0,41,97,32,3,0,0,10,0,16,0,99,1,45,0,0,0,0,0,1,24,1,2,0,92,3,9,1,0,1,295,209,37
1,1996,12,42,53,7,6,0,0,70,139,23,2,0,0,10,2,19,0,162,0,51,2,0,0,0,0,1,17,0,5,0,72,1,8,1,2,0,335,300,27
1,1997,1,40,60,8,9,0,0,47,122,31,0,0,0,4,5,11,0,115,1,52,2,0,0,0,0,5,17,0,6,0,100,4,15,0,1,0,362,231,32
1,1997,2,27,28,7,7,0,0,36,115,17,6,0,1,9,2,10,0,102,0,33,0,0,0,0,0,8,9,0,7,0,74,2,11,0,1,0,268,180,24
1,1997,3,51,38,1,3,0,0,47,107,35,4,0,1,7,2,16,0,106,0,53,0,0,0,0,1,5,21,0,9,0,94,3,20,0,2,2,328,227,27
1,1997,4,62,28,3,3,0,0,40,121,34,2,0,0,7,8,11,0,134,0,72,0,0,0,0,0,3,16,0,2,0,80,4,8,0,0,1,328,262,22
1,1997,5,47,22,7,3,0,0,42,160,43,6,1,0,9,4,15,2,125,3,66,0,0,1,0,0,1,16,0,16,0,128,2,24,2,3,1,403,249,24
1,1997,6,43,55,7,5,0,0,33,133,46,1,0,0,11,2,9,0,143,0,66,1,0,0,0,0,3,22,0,9,0,111,4,7,1,0,0,393,264,33
1,1997,7,49,59,5,6,0,0,62,148,48,7,0,1,8,4,10,0,143,2,53,0,0,0,0,0,1,19,0,10,0,105,4,21,1,1,1,415,277,25
1,1997,8,36,41,16,2,0,1,64,200,42,6,0,1,15,5,14,0,170,1,80,1,0,0,0,0,3,15,1,9,0,111,7,10,0,2,0,432,329,35
1,1997,9,42,32,5,2,0,0,52,126,30,2,0,0,4,1,14,0,174,0,58,0,0,0,0,0,4,17,0,9,0,93,7,11,0,0,0,325,301,26
1,1997,10,58,38,5,2,0,0,40,173,38,2,0,0,8,4,11,1,165,0,61,0,0,0,0,0,3,17,0,5,0,102,4,9,0,0,1,411,283,25
1,1997,11,34,25,8,3,0,0,62,136,36,10,1,1,5,8,28,1,124,0,40,0,0,0,0,0,3,15,1,6,0,76,9,2,0,0,1,310,241,26
1,1997,12,22,34,9,1,0,0,40,128,23,5,0,1,9,8,13,0,140,0,43,1,0,0,0,0,1,17,0,1,0,75,4,5,0,0,0,283,240,28
1,1998,1,27,38,8,4,0,0,42,131,40,2,0,1,9,1,6,2,129,0,54,0,0,0,0,0,1,16,0,3,0,103,5,5,2,1,2,343,241,25
1,1998,2,43,21,2,2,0,0,25,68,28,5,1,0,9,2,5,0,84,0,50,1,0,0,0,0,2,9,0,1,0,54,3,6,2,1,1,216,168,14
1,1998,3,42,22,7,4,0,0,31,93,43,14,3,0,6,12,15,0,95,1,45,0,0,1,0,0,0,12,0,1,0,90,3,7,1,0,0,294,183,19
1,1998,4,41,23,8,4,0,0,34,104,36,6,3,0,9,12,12,1,102,1,52,0,0,0,0,1,1,10,0,7,0,122,4,7,0,0,0,330,198,19
1,1998,5,55,49,10,2,0,0,36,93,38,2,3,1,6,2,8,0,122,1,52,2,0,1,0,1,4,22,0,3,0,123,4,17,2,0,1,360,232,38
1,1998,6,65,48,12,0,0,0,37,83,35,10,0,0,5,2,7,0,100,0,60,0,0,0,0,1,4,14,3,8,0,114,1,16,0,0,1,345,211,30
1,1998,7,66,47,12,2,0,0,50,92,41,11,0,2,8,5,6,2,136,2,51,0,0,0,0,0,0,11,1,9,0,111,3,12,1,0,1,359,248,23
1,1998,8,78,67,6,2,0,0,46,97,39,3,1,1,5,5,9,0,154,0,48,1,0,0,0,0,1,15,0,2,0,77,2,11,1,1,2,360,263,23
1,1998,9,74,75,10,3,0,0,47,115,46,1,0,0,5,5,12,0,110,1,57,0,0,0,0,0,3,17,0,6,0,112,2,13,1,3,0,425,231,30
1,1998,10,66,45,15,0,0,0,39,117,40,8,2,1,9,9,23,0,119,2,53,0,0,0,0,0,4,15,0,8,0,97,5,5,1,1,2,365,226,34
1,1998,11,44,47,5,3,0,0,32,98,32,10,2,3,4,2,5,0,111,0,52,0,0,0,0,0,4,21,0,9,0,82,2,9,2,2,0,306,216,30
1,1998,12,41,44,8,0,0,1,51,99,31,3,0,3,5,3,9,0,122,0,54,1,0,0,0,1,2,22,1,12,0,68,12,11,0,0,1,283,249,33
1,1999,1,28,35,8,2,0,0,30,77,24,10,4,0,8,4,16,0,91,1,42,0,0,1,0,0,5,20,0,6,0,69,6,10,0,1,0,235,183,33
1,1999,2,43,31,5,0,0,1,30,88,24,11,5,1,7,5,11,1,114,2,64,0,0,3,0,3,1,16,1,6,0,73,2,6,0,0,2,259,224,22
1,1999,3,47,29,14,5,0,0,32,101,19,11,0,1,4,6,8,0,100,0,48,0,0,0,0,0,2,19,0,12,0,101,8,9,1,1,1,302,199,35
1,1999,4,61,18,9,0,0,1,23,77,25,16,2,0,9,3,3,0,82,0,63,0,0,1,0,0,1,8,0,5,0,89,2,7,0,2,1,270,176,18
1,1999,5,50,42,7,2,0,0,48,66,39,16,2,0,3,3,7,0,109,0,89,0,0,0,0,0,2,9,0,5,0,99,11,5,0,1,1,298,255,18
1,1999,6,53,78,14,2,0,1,41,84,37,10,3,0,6,0,5,0,144,5,84,0,0,1,0,0,3,13,0,3,0,75,4,7,0,2,0,329,282,30
1,1999,7,57,55,6,0,0,0,38,85,39,3,0,1,5,2,9,0,134,3,70,0,0,0,0,2,5,11,0,12,0,72,8,5,0,4,0,308,253,22
1,1999,8,81,51,12,0,0,1,30,74,23,13,1,1,8,2,9,3,144,1,74,0,0,1,0,1,2,16,0,4,0,83,8,5,0,2,1,312,264,30
1,1999,9,83,59,12,0,0,1,30,61,24,11,2,1,3,9,15,0,130,3,78,1,0,2,0,0,3,23,0,4,0,57,13,3,0,1,0,284,261,39
1,1999,10,80,69,7,6,0,0,38,80,16,12,1,1,1,7,17,0,126,2,69,0,0,3,0,0,2,25,0,3,0,74,4,4,1,0,3,325,258,34
1,1999,11,44,45,9,2,0,0,30,66,26,8,0,0,5,2,8,0,116,4,60,0,0,0,0,0,2,19,0,1,0,66,5,5,0,1,1,249,225,30
1,1999,12,45,46,10,1,0,1,32,98,42,15,2,3,11,7,12,5,113,1,77,1,0,1,0,4,1,29,0,5,0,122,4,18,2,1,3,354,251,41
1,2000,1,34,46,18,3,0,1,35,131,28,40,7,0,9,7,11,0,117,1,55,2,0,2,0,4,0,24,0,8,0,160,8,19,3,0,2,402,231,44
1,2000,2,38,31,16,4,0,0,28,104,44,48,6,0,9,2,10,0,91,0,38,0,0,5,0,5,3,10,0,11,0,152,8,11,1,1,5,373,167,29
1,2000,3,51,29,9,0,0,0,42,119,30,34,9,0,18,3,12,3,93,1,48,0,0,1,0,6,3,17,0,5,0,179,4,17,2,2,3,408,200,29
1,2000,4,66,45,12,4,0,1,37,130,27,47,6,0,11,2,12,2,101,1,51,0,0,2,0,6,6,28,0,10,2,182,10,13,2,1,2,454,217,46
1,2000,5,72,45,25,3,1,0,45,130,26,23,3,1,12,8,10,0,121,2,77,0,0,4,0,3,0,15,1,4,0,168,7,15,1,0,2,444,258,40
1,2000,6,61,88,15,4,0,0,46,125,36,29,11,0,6,3,8,0,117,4,53,1,0,0,0,3,3,15,0,9,0,199,16,13,4,0,5,513,231,34
1,2000,7,80,58,13,8,0,0,34,122,46,54,4,0,12,4,9,0,148,7,73,0,0,1,0,2,6,17,0,6,0,132,7,12,3,1,4,446,272,36
1,2000,8,103,43,9,5,0,0,38,135,44,40,7,1,6,5,16,1,134,6,70,0,0,1,0,5,3,11,0,9,1,159,16,15,2,1,8,489,253,23
1,2000,9,61,36,5,0,0,0,39,110,43,61,4,2,8,6,14,0,111,2,47,0,0,1,0,8,5,12,0,4,0,139,10,11,2,1,6,389,209,22
1,2000,10,67,36,13,1,0,0,44,102,44,47,6,0,8,5,15,0,98,0,51,1,1,1,0,7,2,18,0,12,0,132,11,11,2,1,6,382,211,34
1,2000,11,51,38,6,0,0,0,34,100,36,37,2,1,1,5,10,0,103,1,46,0,0,4,0,2,3,6,0,2,0,85,8,5,1,0,1,310,189,15
1,2000,12,33,29,7,0,0,0,45,77,27,34,3,1,2,2,4,2,76,0,57,0,0,0,0,6,0,19,0,4,0,104,5,8,0,1,3,270,197,26
1,2001,1,57,35,10,0,0,1,50,70,36,92,7,1,8,15,14,0,87,2,32,1,0,1,0,4,0,12,0,7,0,112,11,9,3,0,18,310,181,23
1,2001,2,62,39,11,3,0,0,42,85,41,24,2,0,5,6,17,0,69,3,50,0,0,0,0,6,2,8,0,3,0,124,4,14,4,0,4,354,169,21
1,2001,3,67,31,19,0,0,0,45,107,35,74,4,1,11,7,13,0,78,2,61,0,0,0,0,3,0,12,2,2,0,147,3,15,1,2,8,387,196,31
1,2001,4,88,51,18,3,0,2,52,117,25,31,5,0,2,7,8,0,89,0,53,0,0,4,0,2,1,10,0,5,0,136,4,17,1,1,4,420,204,29
1,2001,5,79,59,13,0,0,1,52,116,41,48,2,3,7,10,16,0,95,1,57,1,0,6,0,1,2,10,0,2,1,172,4,9,2,0,13,467,214,26
1,2001,6,73,81,10,0,0,0,38,114,36,56,2,2,9,9,10,0,86,2,44,0,0,1,0,3,3,12,0,4,0,165,2,11,0,1,10,469,180,25
1,2001,7,98,60,10,3,0,2,64,138,36,67,2,0,11,8,6,2,98,0,67,0,0,3,0,3,6,11,0,6,0,148,2,15,2,0,8,483,240,27
1,2001,8,95,79,12,1,0,0,44,125,27,42,2,1,9,7,6,0,95,0,58,0,0,0,0,2,2,19,0,1,0,179,4,12,2,0,9,506,216,33
1,2001,9,98,70,12,6,1,2,47,99,26,68,8,1,5,11,14,0,99,5,41,0,0,1,0,5,3,6,0,5,0,127,1,15,0,0,7,426,193,21
1,2001,10,62,87,19,3,0,1,59,134,32,70,3,0,10,10,14,0,96,1,49,0,0,2,0,3,2,11,0,6,0,163,7,18,2,0,5,481,215,32
1,2001,11,58,53,8,1,0,1,42,104,23,90,2,0,9,13,11,0,85,7,42,1,0,4,0,6,0,8,0,4,0,115,5,10,3,0,6,354,177,17
1,2001,12,47,37,20,1,0,3,48,94,31,55,2,0,16,6,6,0,65,2,43,0,0,1,0,2,1,9,0,2,0,126,3,14,0,1,7,336,165,30
2,1990,1,92,11,22,11,0,3,101,138,60,19,5,0,6,9,23,0,217,4,232,1,0,3,0,2,4,33,0,11,0,143,18,14,2,0,1,455,583,60
2,1990,2,106,22,16,6,0,0,58,193,50,15,3,0,5,1,8,0,205,6,189,2,0,2,0,5,6,44,0,13,0,122,9,5,0,0,3,499,496,68
2,1990,3,106,6,10,15,0,0,88,133,58,12,0,1,9,2,16,0,168,6,189,0,0,0,0,5,7,27,0,12,0,120,4,10,4,0,0,438,472,44
2,1990,4,145,13,14,6,0,0,85,134,65,13,1,0,10,3,16,0,189,6,159,0,0,0,0,34,4,40,1,9,0,141,6,3,2,0,1,504,473,58
2,1990,5,179,17,14,6,0,1,89,144,61,4,2,1,1,4,25,0,186,2,165,0,0,0,0,32,8,51,0,13,0,128,11,13,0,0,2,535,491,73
2,1990,6,169,15,10,1,0,0,78,134,75,9,1,1,3,1,22,0,209,3,169,0,0,0,0,59,2,31,1,12,0,145,5,6,1,0,0,539,487,43
2,1990,7,149,8,14,3,0,0,99,138,50,5,2,0,2,5,14,0,228,6,219,0,0,1,0,18,6,29,1,10,0,146,11,3,1,0,1,494,575,49
2,1990,8,142,19,25,3,0,0,82,132,48,4,0,0,7,8,13,0,244,0,172,1,0,5,0,16,6,26,0,9,0,129,4,6,3,0,0,473,524,58
2,1990,9,131,19,25,3,0,0,68,116,25,2,0,0,4,5,17,0,204,2,163,1,0,1,1,6,5,43,0,11,0,109,6,5,7,0,1,403,478,74
2,1990,10,109,14,24,3,0,0,81,141,40,3,1,1,5,2,19,0,212,2,181,0,0,1,0,18,3,50,1,6,0,108,0,1,1,0,0,415,524,77
2,1990,11,128,7,19,2,0,0,86,102,20,8,0,3,5,1,16,0,241,0,226,0,0,0,0,10,9,48,0,6,0,122,0,4,1,0,0,381,601,76
2,1990,12,116,21,24,8,0,0,118,105,34,6,5,1,9,0,12,0,224,1,195,0,0,1,0,29,4,52,0,1,0,118,4,0,1,0,1,402,589,80
2,1991,1,115,10,16,10,0,2,75,77,46,13,1,0,1,1,10,0,180,2,186,0,0,0,0,25,4,35,1,3,0,96,1,3,1,0,0,354,476,55
2,1991,2,102,9,4,5,0,0,46,65,40,9,2,0,6,1,14,0,162,2,159,0,0,0,0,31,4,39,0,5,0,102,0,0,0,0,1,323,406,47
2,1991,3,139,17,4,4,0,0,72,102,40,5,3,2,7,0,15,0,178,1,159,0,0,0,0,24,6,43,0,4,0,132,0,4,1,0,0,434,452,53
2,1991,4,151,17,8,7,0,0,55,97,15,7,2,1,3,1,16,1,198,0,143,0,0,0,0,0,3,38,0,7,0,120,1,3,0,0,1,407,434,49
2,1991,5,130,20,17,4,0,1,61,104,30,2,0,2,6,3,11,0,210,1,121,0,0,0,0,0,7,48,0,6,0,144,2,4,1,0,0,432,440,72
2,1991,6,187,25,19,6,0,1,76,74,30,1,3,1,3,0,17,0,198,1,128,0,0,0,0,0,10,38,0,3,0,173,0,4,0,1,1,495,440,67
2,1991,7,139,22,13,5,0,0,105,99,37,12,1,1,6,2,13,0,214,0,161,0,0,0,0,0,4,56,0,7,0,161,0,5,1,0,0,463,536,73
2,1991,8,160,18,18,8,0,0,90,111,41,20,0,2,7,1,17,0,267,0,179,0,0,0,0,0,9,45,0,5,0,166,1,1,0,0,0,504,581,72
2,1991,9,213,24,11,4,0,0,95,117,39,26,2,0,3,0,16,0,247,0,143,0,0,0,0,0,6,45,0,1,0,127,1,3,1,0,0,524,530,62
2,1991,10,196,24,16,5,0,0,69,152,33,15,0,1,4,1,18,0,257,0,134,2,0,0,0,1,9,65,0,7,0,143,0,4,2,0,0,553,525,92
2,1991,11,140,24,9,5,0,0,58,88,30,8,1,2,2,2,9,0,256,0,163,0,0,0,0,0,3,43,0,6,0,98,0,1,0,0,1,385,520,55
2,1991,12,137,37,11,6,0,1,66,98,30,9,4,6,1,1,15,0,213,0,165,0,0,0,0,1,4,69,0,1,0,127,0,0,0,0,0,435,513,84
2,1992,1,120,40,16,6,0,0,72,105,42,6,4,1,4,1,11,0,212,0,180,0,0,0,0,1,2,60,0,5,0,139,0,3,0,0,0,452,524,78
2,1992,2,153,39,12,10,0,0,82,128,51,2,3,1,5,0,13,0,242,0,167,0,0,0,0,0,3,55,0,6,0,140,0,3,1,0,0,521,546,70
2,1992,3,165,24,10,7,0,0,60,122,40,10,2,1,4,0,10,0,241,0,161,0,0,0,0,0,4,55,0,0,0,137,2,1,0,0,0,495,517,69
2,1992,4,180,54,13,8,0,2,56,108,35,9,0,2,3,1,13,0,220,0,167,0,0,0,0,0,3,51,1,3,0,138,1,1,1,1,0,523,494,67
2,1992,5,152,110,29,11,0,0,64,132,36,8,0,0,7,0,15,0,243,0,196,0,0,0,0,1,2,46,0,2,0,187,1,7,0,0,0,628,549,77
2,1992,6,113,62,15,8,0,0,55,127,46,4,0,0,1,1,11,0,244,0,149,0,1,1,0,5,5,50,1,5,0,157,1,2,0,0,0,513,498,70
2,1992,7,156,80,14,5,0,0,75,133,52,4,0,2,6,5,17,2,235,0,169,0,0,0,0,1,6,59,0,7,0,154,0,3,1,0,1,580,538,79
2,1992,8,159,86,16,9,0,0,89,115,46,9,1,2,1,1,14,0,242,2,149,1,0,0,0,12,6,48,0,9,0,195,0,9,2,0,1,610,528,71
2,1992,9,123,85,23,7,0,0,59,162,48,9,0,0,4,4,14,1,184,1,123,0,0,0,0,2,2,51,0,1,0,203,3,7,0,0,1,628,417,76
2,1992,10,124,115,23,8,0,0,54,234,60,10,0,1,6,5,19,0,255,0,193,0,0,0,0,1,2,72,0,4,0,189,5,8,1,0,1,730,574,97
2,1992,11,67,43,20,6,0,0,86,212,56,4,2,0,6,1,9,0,238,0,139,0,0,0,0,0,3,69,0,7,0,203,3,6,0,0,3,587,532,92
2,1992,12,112,105,24,2,0,0,87,184,52,6,1,4,10,3,20,1,205,1,162,1,0,0,0,0,4,60,0,7,0,176,4,6,1,0,3,631,514,89
2,1993,1,111,86,20,6,0,0,101,177,50,8,0,1,3,6,16,0,173,0,145,5,0,0,0,1,4,67,0,6,0,196,8,9,2,0,2,626,486,96
2,1993,2,121,67,15,7,0,0,53,140,39,2,2,0,4,2,12,0,167,1,122,1,0,0,0,2,2,58,0,3,0,170,6,6,1,0,3,544,400,76
2,1993,3,94,102,8,9,0,2,54,200,74,7,1,0,7,2,17,0,188,0,147,0,0,0,0,1,2,60,0,5,0,207,3,8,0,1,3,686,449,70
2,1993,4,148,71,18,2,0,0,59,171,43,3,0,3,1,4,15,0,205,0,123,0,0,0,0,1,5,58,1,6,0,172,11,8,0,1,1,607,445,81
2,1993,5,103,105,19,5,0,0,40,215,39,10,1,2,5,5,18,1,212,2,192,0,0,3,0,0,2,53,0,9,0,210,7,15,1,0,2,677,497,74
2,1993,6,112,119,20,5,0,1,45,176,51,13,0,1,7,5,13,0,231,0,145,0,0,0,0,0,6,56,0,10,0,200,2,11,0,1,2,663,477,82
2,1993,7,152,87,27,2,0,0,66,166,43,7,0,0,4,6,9,0,236,0,125,0,0,0,0,2,1,54,0,6,0,224,9,12,0,1,0,674,481,82
2,1993,8,150,115,35,8,0,1,79,173,38,14,0,2,8,5,25,0,219,1,150,2,0,0,0,1,2,55,0,7,0,246,5,18,0,0,0,730,503,94
2,1993,9,217,114,24,7,0,0,76,166,46,33,2,1,2,3,22,0,197,0,156,1,0,1,0,0,4,61,0,14,0,195,7,9,1,1,2,745,490,90
2,1993,10,147,117,22,7,0,0,59,183,32,18,2,3,10,5,14,2,183,0,131,0,0,1,0,0,4,51,0,7,0,208,8,16,1,0,4,694,424,77
2,1993,11,128,132,12,3,0,0,50,179,38,7,0,1,4,3,13,0,187,0,129,1,0,0,0,0,4,41,0,5,0,164,9,6,0,0,0,644,407,58
2,1993,12,115,103,12,5,0,1,63,193,26,5,0,8,3,3,22,0,240,0,160,2,0,1,0,0,2,54,1,1,0,150,8,10,0,0,1,592,517,70
2,1994,1,44,30,16,6,0,0,56,117,21,18,2,4,5,5,18,0,154,1,106,1,0,0,0,0,5,37,0,6,0,148,5,11,1,0,3,366,353,59
2,1994,2,62,57,10,2,0,0,52,145,50,5,0,3,8,8,18,0,168,0,111,0,0,1,0,0,3,38,0,6,1,176,2,10,1,0,2,492,369,51
2,1994,3,97,111,12,6,0,1,56,183,56,9,3,1,6,9,12,1,174,0,106,0,0,0,0,0,6,51,0,12,0,216,6,12,1,0,3,669,387,69
2,1994,4,73,64,16,4,0,0,54,188,49,4,1,1,5,7,13,0,204,0,127,1,0,0,0,0,6,52,0,9,0,201,7,16,2,0,1,579,437,75
2,1994,5,125,71,13,5,0,2,66,155,65,6,0,1,8,3,17,0,187,1,111,3,0,0,0,1,3,38,0,8,0,182,5,11,1,0,1,603,402,57
2,1994,6,75,85,15,6,0,0,69,214,41,5,0,1,4,4,21,0,229,0,130,0,0,0,0,0,6,46,0,10,0,217,4,15,1,1,2,638,474,67
2,1994,7,103,78,19,6,0,0,60,195,37,5,1,2,6,6,20,0,241,0,116,1,0,0,0,1,2,51,0,8,0,217,6,9,2,0,1,636,468,73
2,1994,8,94,70,19,3,0,1,69,158,55,17,1,0,10,6,14,0,254,0,144,0,0,0,0,0,5,28,0,11,0,178,9,17,2,4,0,558,495,52
2,1994,9,105,63,11,4,0,0,81,150,39,14,0,4,7,7,21,0,184,0,141,0,0,0,0,0,2,48,0,6,0,143,10,10,1,2,2,504,454,61
2,1994,10,104,80,22,1,0,0,72,185,54,13,0,0,7,4,12,0,232,1,119,0,0,0,0,0,5,42,0,14,0,177,8,19,0,1,0,601,465,69
2,1994,11,89,55,10,4,0,0,51,175,32,3,1,0,5,3,15,0,216,0,137,0,0,0,0,0,2,29,0,4,0,149,9,10,0,0,3,504,433,41
2,1994,12,100,65,12,3,0,0,54,166,39,5,4,2,9,11,19,0,196,1,99,1,0,1,0,0,2,49,0,11,0,147,4,5,0,1,1,520,398,64
2,1995,1,73,71,9,3,0,1,63,145,49,7,1,1,7,4,16,0,208,0,83,0,0,1,0,0,4,33,0,9,1,149,6,14,1,0,0,490,387,46
2,1995,2,77,32,7,2,0,0,49,104,53,17,6,1,15,7,14,0,163,0,84,0,0,4,0,1,4,32,0,9,0,144,7,7,2,0,1,412,328,43
2,1995,3,92,36,9,5,0,1,67,147,47,19,2,3,6,10,32,0,204,3,95,0,1,5,0,2,3,43,0,8,0,171,9,13,0,0,2,498,409,55
2,1995,4,90,45,13,0,0,0,71,141,45,13,4,3,5,4,14,0,184,0,93,1,0,1,0,1,4,32,0,9,1,179,5,7,3,0,1,500,380,50
2,1995,5,98,78,14,4,0,1,55,126,50,10,0,1,6,3,17,0,187,0,95,1,0,1,0,0,2,27,0,10,0,149,4,11,1,1,1,505,364,44
2,1995,6,98,95,14,5,0,0,47,128,32,4,1,1,7,9,15,0,167,1,70,1,0,5,0,1,4,31,0,8,1,196,4,10,1,0,2,554,315,50
2,1995,7,83,88,9,4,0,1,41,134,36,7,0,2,5,0,10,0,203,0,95,0,0,0,0,0,9,33,0,6,1,152,3,9,1,1,1,497,372,51
2,1995,8,103,74,15,1,0,0,52,129,46,9,2,1,8,7,25,0,232,0,85,0,0,4,0,0,7,33,0,7,0,173,5,17,1,0,2,526,402,55
2,1995,9,103,63,10,5,0,0,47,130,36,7,1,4,7,7,15,2,187,0,87,2,0,2,0,0,0,36,0,8,0,144,6,8,2,2,1,481,357,48
2,1995,10,95,63,8,5,0,1,40,132,46,5,0,3,7,3,14,0,198,0,83,0,0,1,0,0,3,47,0,10,0,150,3,5,2,0,2,491,368,58
2,1995,11,55,72,15,2,0,1,48,120,28,5,1,1,3,7,16,0,179,0,73,0,0,0,0,0,3,35,0,7,0,140,5,8,0,0,2,417,335,53
2,1995,12,62,31,6,2,0,0,37,87,32,3,0,4,2,8,19,0,174,0,48,1,0,0,0,1,5,46,0,3,0,123,5,9,2,0,0,337,305,58
2,1996,1,86,37,11,2,0,0,35,93,39,5,0,1,3,5,24,0,175,0,70,0,0,1,0,0,2,23,0,3,0,110,4,8,1,0,1,367,303,36
2,1996,2,62,59,14,2,0,0,56,117,40,5,1,3,6,7,35,0,166,1,66,2,0,0,0,0,3,31,0,7,0,158,5,12,3,0,3,438,319,50
2,1996,3,64,35,7,4,0,1,45,112,44,4,1,1,1,8,24,0,164,0,79,1,0,0,0,0,3,28,0,9,0,168,5,10,1,0,2,427,316,39
2,1996,4,92,37,10,6,0,0,51,130,40,15,1,0,4,12,25,0,186,2,72,0,0,0,0,0,3,28,0,2,0,174,9,5,2,1,0,479,337,41
2,1996,5,98,59,13,4,0,0,50,128,34,3,0,3,10,7,32,4,191,0,86,0,0,0,0,0,3,26,0,7,0,153,2,14,2,0,3,476,353,42
2,1996,6,75,104,18,3,0,0,54,115,45,7,0,0,7,1,16,0,178,0,83,1,0,0,0,0,7,31,0,11,0,148,3,13,1,1,1,490,346,57
2,1996,7,67,46,14,6,0,0,43,86,29,4,1,1,8,12,33,0,175,0,79,1,0,2,0,0,5,34,0,9,0,142,5,10,1,0,0,376,331,54
2,1996,8,91,54,13,2,0,0,45,113,45,6,0,0,12,5,19,0,155,0,86,0,0,1,0,1,3,27,0,10,0,148,11,3,0,0,0,453,313,43
2,1996,9,106,40,9,5,0,0,53,104,30,6,1,5,9,4,18,0,181,0,70,0,0,2,0,0,4,25,0,3,0,113,6,11,0,1,0,398,329,38
2,1996,10,84,28,14,5,0,0,53,105,35,3,0,3,6,9,29,0,168,0,76,1,0,0,0,0,1,30,0,5,0,123,7,7,0,1,0,380,327,46
2,1996,11,69,29,12,5,0,0,36,126,36,4,1,4,5,10,19,0,131,0,86,0,0,0,0,0,1,23,0,3,0,112,6,6,2,1,1,377,276,36
2,1996,12,79,42,6,4,0,0,48,126,42,9,2,12,6,7,19,1,188,0,75,0,0,0,0,0,2,25,0,5,0,120,11,7,0,0,3,413,336,33
2,1997,1,101,50,9,6,0,0,47,102,35,10,0,0,12,7,30,0,184,0,65,0,0,0,0,0,5,28,0,6,0,92,4,11,0,0,2,386,324,42
2,1997,2,75,23,12,4,0,1,50,102,41,3,0,1,9,8,24,2,153,0,58,0,0,1,0,0,1,24,0,9,0,128,5,10,0,0,2,373,285,37
2,1997,3,84,54,6,2,0,1,54,128,42,3,1,0,9,10,28,0,194,0,76,0,0,1,0,1,5,30,0,4,0,138,2,5,0,1,0,448,354,41
2,1997,4,127,41,5,9,0,0,35,117,47,2,1,5,7,10,28,0,201,1,72,1,0,0,0,1,1,26,0,2,0,119,2,10,0,1,0,460,334,33
2,1997,5,86,42,13,7,0,0,27,135,46,3,1,2,12,11,23,0,185,1,69,0,0,0,0,0,1,26,0,5,0,140,4,9,0,0,1,456,307,40
2,1997,6,112,46,11,2,0,1,39,128,44,6,0,1,8,9,26,0,204,0,70,1,0,0,0,0,1,30,0,5,0,164,6,16,0,0,0,496,343,43
2,1997,7,113,36,15,2,0,0,50,134,48,10,0,1,8,9,29,0,212,0,105,0,0,0,0,0,3,31,1,7,0,199,6,13,1,0,5,532,398,49
2,1997,8,135,74,16,4,0,0,44,126,69,10,0,1,11,16,37,1,210,0,77,0,0,1,0,0,2,40,0,8,0,148,4,7,0,0,1,556,371,58
2,1997,9,114,50,10,0,1,0,55,125,60,6,1,2,10,11,36,0,242,0,85,2,0,2,0,0,7,24,0,11,0,166,10,14,4,0,2,515,406,43
2,1997,10,104,53,11,7,0,0,55,204,47,16,0,4,17,15,48,0,242,0,93,2,0,0,0,0,3,31,0,4,0,170,6,12,1,0,0,585,421,47
2,1997,11,89,36,12,3,0,2,67,137,38,11,0,1,7,15,34,0,222,0,65,0,0,0,0,0,3,26,1,5,0,135,16,9,1,2,1,438,380,41
2,1997,12,81,36,7,3,0,1,50,89,37,9,1,2,3,5,21,1,190,0,83,1,0,0,0,0,0,31,0,9,0,117,10,4,1,0,2,363,354,39
2,1998,1,92,34,16,2,0,0,57,118,34,9,2,2,12,11,37,0,205,0,62,1,0,0,0,0,2,22,0,12,0,129,11,12,0,0,2,409,346,41
2,1998,2,78,21,11,2,0,0,36,146,43,19,4,3,6,15,37,0,206,2,64,0,0,1,0,1,5,24,0,9,0,115,7,7,0,0,2,405,330,40
2,1998,3,76,19,11,0,0,0,47,155,50,7,5,1,3,5,33,1,204,2,70,0,0,2,0,2,3,32,0,12,0,137,4,6,1,0,1,437,353,46
2,1998,4,99,27,16,1,0,0,56,143,47,8,2,3,10,16,23,0,180,0,86,1,0,3,0,0,2,26,0,5,0,142,3,11,0,1,1,459,348,45
2,1998,5,95,40,21,7,0,0,49,118,62,7,2,3,5,12,42,0,224,0,78,2,0,5,0,0,5,35,0,6,0,182,5,14,1,2,1,504,386,63
2,1998,6,83,47,20,3,0,1,40,115,36,11,2,2,7,25,32,0,208,2,69,1,0,16,0,1,7,20,0,16,0,159,5,10,2,0,1,443,337,48
2,1998,7,77,50,18,2,0,0,70,138,56,10,1,3,5,12,18,1,221,0,71,0,0,8,0,4,5,36,0,7,0,159,8,10,2,0,2,482,398,59
2,1998,8,83,79,11,1,0,0,54,121,51,8,0,4,6,19,32,0,226,2,88,0,0,3,0,1,5,25,1,10,0,146,10,15,1,0,0,481,393,41
2,1998,9,89,42,8,5,0,0,68,119,45,8,0,1,3,10,34,1,204,1,105,0,0,1,0,0,3,29,0,7,0,117,7,15,2,3,1,417,406,40
2,1998,10,108,40,10,4,0,0,54,134,53,7,4,3,4,10,28,1,200,0,97,1,0,6,0,1,2,25,0,6,0,127,10,9,3,0,0,466,376,38
2,1998,11,75,18,11,1,0,1,48,155,34,13,2,2,5,8,28,0,217,2,98,0,0,0,0,0,3,36,0,3,0,123,7,10,1,0,0,406,399,50
2,1998,12,78,59,28,0,0,0,51,135,37,14,8,2,9,8,33,0,224,0,119,2,0,3,0,3,3,31,0,9,0,116,6,8,1,0,1,425,425,64
2,1999,1,105,28,12,2,0,1,37,136,32,50,3,1,4,8,30,1,252,0,73,1,0,6,0,1,2,31,0,9,0,121,13,14,1,0,2,424,393,46
2,1999,2,76,47,17,0,0,0,36,117,43,22,4,3,11,21,27,0,209,0,74,0,0,5,0,5,4,25,0,9,0,124,12,10,2,0,2,407,344,46
2,1999,3,65,30,8,2,0,1,44,113,42,36,13,7,10,13,25,0,193,1,91,0,0,11,0,5,3,28,0,5,0,122,8,11,0,0,3,374,356,39
2,1999,4,84,25,11,3,0,2,33,94,37,34,9,4,5,13,21,3,175,1,99,3,0,12,0,2,3,23,0,8,0,100,11,6,0,0,0,343,330,40
2,1999,5,88,30,18,2,1,1,35,88,32,20,2,1,5,15,19,1,233,0,126,0,0,16,0,1,3,22,0,10,0,121,16,5,1,0,2,361,416,43
2,1999,6,95,58,23,4,0,0,36,87,47,28,8,5,6,5,24,0,236,1,83,2,0,9,0,2,2,17,1,8,0,121,12,5,0,0,3,412,372,44
2,1999,7,107,35,13,1,0,0,44,81,45,17,2,7,5,9,23,1,247,1,87,0,0,1,0,0,3,27,0,3,0,119,14,5,0,1,0,388,405,43
2,1999,8,78,39,12,0,0,2,58,81,49,32,4,2,10,11,20,0,257,3,103,0,0,4,0,1,4,35,1,12,0,131,11,16,0,1,1,378,453,51
2,1999,9,81,44,15,0,0,0,58,81,31,30,3,7,6,13,22,0,203,4,69,0,0,8,0,2,3,25,1,4,0,104,10,4,0,0,2,341,355,43
2,1999,10,73,54,15,3,0,1,30,107,28,12,7,3,8,8,18,3,232,3,82,0,0,6,0,4,3,43,0,7,0,110,7,8,0,0,1,375,387,61
2,1999,11,41,64,22,0,0,0,31,80,43,18,6,9,12,9,27,0,210,4,64,2,0,3,0,1,3,29,0,5,0,126,6,10,1,0,4,354.1041167,334,56
2,1999,12,42,66,20,3,0,0,43,152,52,43,9,5,15,12,32,2,237,2,84,0,0,5,0,5,4,33,1,11,0,144,7,14,1,1,7,459.5872254,397,57
2,2000,1,75,46,18,2,0,0,34,86,47,64,16,2,9,6,18,0,193,17,42,1,0,7,0,4,3,26,0,6,0,116,7,27,1,1,12,372,295,48
2,2000,2,87,34,14,3,0,0,30,120,53,113,19,2,3,6,28,0,205,17,51,1,0,4,0,17,0,21,0,12,0,146,11,12,6,0,8,443,307,36
2,2000,3,96,47,20,1,0,0,27,116,68,79,10,4,4,7,33,0,196,21,54,0,0,2,0,10,2,14,1,17,0,159,10,29,2,0,5,487,291,36
2,2000,4,119,58,19,0,0,0,18,110,49,71,11,0,2,13,26,0,188,28,47,0,0,1,0,12,0,26,0,10,0,153,10,16,2,0,11,489,279,45
2,2000,5,83,60,19,2,0,0,21,135,75,67,8,1,7,11,14,1,186,24,54,0,0,8,0,12,6,29,0,16,0,176,9,22,0,0,3,531,290,54
2,2000,6,86,61,18,1,0,0,28,151,61,67,11,3,12,13,29,0,191,29,49,1,0,4,0,7,4,32,0,12,0,153,17,16,0,1,11,513,300,55
2,2000,7,92,47,18,2,0,0,26,100,64,61,2,0,3,14,33,1,153,31,71,4,0,5,0,12,2,26,0,17,0,141,9,16,0,0,3,446,276,50
2,2000,8,98,82,7,3,0,0,33,103,62,61,7,5,6,10,29,1,171,27,49,1,0,6,0,13,2,16,0,12,0,109,14,15,0,1,4,457,269,26
2,2000,9,102,43,13,0,0,0,35,95,57,60,12,1,5,8,18,0,174,17,61,0,0,3,0,12,2,11,0,4,0,97,11,24,0,0,4,394,281,26
2,2000,10,94,52,12,2,0,0,50,85,39,69,9,1,3,13,14,0,159,17,51,0,0,6,0,7,1,12,0,6,0,92,7,10,1,1,6,364,272,25
2,2000,11,66,28,9,2,0,0,42,84,38,58,10,4,1,10,14,0,164,13,29,1,0,7,0,1,0,17,0,7,0,84,15,9,0,0,4,302,252,27
2,2000,12,61,39,9,0,0,0,27,62,29,57,5,0,2,4,5,2,123,4,42,1,0,1,0,10,4,18,0,5,0,85,3,17,0,0,6,276,210,32
2,2001,1,85,38,13,0,0,0,33,79,44,75,5,4,8,6,23,1,147,1,36,1,0,5,0,6,0,16,0,6,0,108,15,14,1,0,15,354,232,30
2,2001,2,60,33,10,0,0,2,28,84,34,104,11,6,6,9,20,2,135,4,42,1,0,1,0,5,0,9,1,3,0,95,5,19,4,0,10,306,214,20
2,2001,3,65,47,16,0,1,4,23,110,57,85,5,5,5,8,26,1,169,4,61,1,0,3,0,7,0,25,0,6,0,142,5,22,3,2,23,421,278,42
2,2001,4,82,52,18,1,0,1,27,98,34,88,1,4,5,12,21,1,134,2,35,0,0,6,0,3,0,10,0,1,0,122,7,23,0,1,10,389,206,28
2,2001,5,64,52,15,2,0,0,27,114,40,97,6,3,10,12,34,0,136,1,42,3,0,7,0,8,1,16,1,8,0,136,4,22,0,0,11,408,221,35
2,2001,6,90,67,10,0,0,1,33,71,40,86,3,3,7,14,31,0,115,8,47,0,0,3,0,7,2,18,0,10,0,132,11,13,1,0,17,400,213,30
2,2001,7,73,51,8,1,0,0,38,96,42,89,7,1,4,10,30,0,125,8,48,1,0,5,0,5,3,13,0,12,0,140,4,22,3,0,8,403,224,25
2,2001,8,105,46,16,0,0,5,33,119,34,123,6,2,6,11,22,1,139,0,43,1,0,7,0,8,1,14,0,7,0,145,5,20,2,0,9,449,229,32
2,2001,9,96,45,19,4,0,3,35,99,32,62,2,3,7,11,23,4,131,4,32,1,0,3,0,12,4,17,0,5,0,140,6,15,0,0,13,416,215,41
2,2001,10,86,40,16,4,0,1,29,82,40,65,10,2,3,13,27,0,138,2,57,0,0,5,0,9,0,11,0,5,0,143,12,15,1,2,11,395,235,27
2,2001,11,58,40,18,3,0,3,37,78,34,107,9,1,1,12,20,0,112,2,38,0,0,4,0,5,0,7,0,8,0,122,5,14,0,0,7,335,194,25
2,2001,12,62,29,8,2,0,1,40,65,24,72,5,2,2,6,12,1,91,2,49,0,0,1,0,9,0,18,0,3,0,88,3,21,1,3,7,270,198,26
3,1990,1,32,8,2,0,0,0,43,108,35,4,3,0,4,0,4,0,85,4,97,0,0,0,0,2,2,9,0,4,0,69,7,2,0,0,1,252,234,13
3,1990,2,26,11,3,6,0,0,30,89,35,1,1,0,3,0,11,0,70,6,97,0,0,0,0,2,1,8,0,1,0,83,17,3,3,0,0,250,205,12
3,1990,3,33,5,6,6,0,0,40,106,40,2,0,0,4,1,1,0,97,4,97,0,0,0,0,3,3,8,0,5,0,92,8,4,0,0,0,282,242,17
3,1990,4,71,6,5,3,0,0,37,124,61,7,0,0,5,1,0,0,78,6,86,0,0,0,0,20,3,13,0,4,0,105,9,1,0,0,2,370,214,21
3,1990,5,68,2,13,3,0,0,49,110,48,8,1,1,0,1,5,1,103,5,133,0,0,0,0,7,5,17,0,11,0,89,6,4,1,0,0,320,302,35
3,1990,6,52,9,8,0,0,0,41,121,32,3,0,0,3,1,7,0,73,3,101,0,0,0,0,20,1,18,0,3,0,96,10,3,1,1,0,310,233,27
3,1990,7,48,17,6,5,0,0,56,93,46,4,0,0,3,2,6,0,75,1,75,0,0,0,0,12,1,21,0,4,0,101,1,3,2,0,0,310,227,28
3,1990,8,56,22,8,6,0,0,60,104,30,1,1,0,2,0,6,0,74,0,98,0,0,0,0,8,1,14,0,2,0,88,4,2,2,0,0,306,246,23
3,1990,9,44,15,15,2,0,0,45,76,21,4,1,0,5,1,5,0,61,0,84,0,0,0,0,1,1,14,1,2,0,79,1,2,3,0,0,237,204,30
3,1990,10,52,7,11,4,0,0,49,75,28,5,1,0,3,2,7,0,99,2,96,0,0,0,0,5,2,14,0,6,0,85,0,2,1,0,0,251,258,27
3,1990,11,43,4,16,3,0,0,45,79,12,1,3,0,3,0,10,0,56,1,140,0,0,0,0,2,1,12,0,1,0,71,3,4,1,0,0,212,253,29
3,1990,12,42,9,11,3,0,0,47,68,17,1,0,0,1,2,4,0,81,1,106,0,0,0,0,15,2,12,0,2,0,61,1,1,1,1,0,200,246,25
3,1991,1,38,4,8,7,0,0,49,50,18,5,2,0,1,1,7,0,61,0,78,0,0,0,0,10,1,12,0,6,0,57,0,1,2,0,0,174,200,21
3,1991,2,35,11,3,2,0,1,41,56,35,0,2,0,1,0,3,0,44,2,62,0,0,0,0,8,3,16,0,4,0,61,0,0,1,0,0,200,163,22
3,1991,3,48,10,3,5,0,0,48,57,15,0,0,2,3,0,5,1,64,1,110,1,0,0,0,8,3,13,0,2,0,55,1,2,1,0,1,190,235,20
3,1991,4,80,13,5,4,0,1,35,81,12,1,0,0,1,0,6,0,52,0,75,0,0,0,0,0,0,16,0,3,0,63,1,1,2,1,0,253,178,21
3,1991,5,75,13,4,4,0,0,45,74,13,3,2,0,5,2,5,0,55,0,70,0,0,0,0,1,3,10,0,3,0,80,0,1,0,0,0,259,180,17
3,1991,6,60,16,4,9,0,0,42,74,20,0,1,0,2,1,9,0,67,0,63,0,0,0,0,0,1,11,0,2,0,78,0,0,1,0,0,257,183,16
3,1991,7,44,31,12,3,0,0,44,82,19,0,2,0,6,0,7,0,80,0,80,1,0,0,0,0,1,14,1,3,0,90,0,2,0,0,0,269,218,28
3,1991,8,48,34,6,5,0,0,50,77,18,0,2,0,3,0,8,0,75,0,95,1,0,0,0,0,1,11,0,4,0,107,0,0,1,0,0,289,231,19
3,1991,9,65,27,8,5,0,0,62,83,24,0,2,1,0,1,3,0,80,0,64,0,0,0,0,0,1,19,0,5,0,84,0,3,0,0,0,288,225,28
3,1991,10,50,20,3,7,0,1,42,87,21,3,0,1,2,0,4,0,63,0,64,0,0,0,0,0,2,6,0,3,0,78,0,6,0,1,0,263,175,11
3,1991,11,17,17,8,6,0,0,37,72,24,0,1,0,2,1,4,0,81,1,77,0,0,0,0,0,0,12,0,4,0,72,0,2,0,0,0,208,207,20
3,1991,12,35,15,5,7,0,0,37,93,17,1,0,0,1,0,3,0,65,0,98,0,0,0,0,0,0,17,0,0,0,77,0,2,1,0,0,244,217,22
3,1992,1,38,14,4,2,0,0,34,68,18,0,0,1,1,0,5,0,71,0,102,0,0,0,0,0,2,10,0,1,0,53,0,1,2,0,0,193,217,16
3,1992,2,51,14,5,8,0,0,40,61,17,4,0,1,5,4,4,0,76,0,72,0,0,0,0,0,0,18,0,5,0,70,0,3,0,0,0,221,206,23
3,1992,3,47,18,1,6,0,1,38,110,36,1,0,1,3,0,4,0,92,0,123,0,0,0,0,0,0,14,0,2,0,61,0,3,1,1,0,278,267,15
3,1992,4,42,28,8,3,0,0,26,69,22,0,3,0,3,1,2,0,56,0,70,0,0,0,0,0,0,14,0,1,0,81,0,2,1,0,0,245,166,22
3,1992,5,32,23,4,7,0,0,51,92,23,2,0,0,4,0,5,0,83,0,102,0,0,0,0,2,1,12,0,1,0,107,0,2,1,1,0,284,248,17
3,1992,6,45,31,8,6,0,0,45,80,26,4,0,0,2,2,5,0,83,0,91,0,0,0,0,1,1,21,0,5,0,106,1,0,2,0,0,294,240,30
3,1992,7,59,28,12,4,0,0,28,58,19,10,0,0,3,5,7,0,67,0,99,0,0,0,0,1,1,10,0,3,0,95,0,2,0,0,0,263,204,23
3,1992,8,79,36,11,4,0,0,43,85,14,7,0,0,1,2,3,0,63,1,107,1,0,0,0,5,1,9,0,1,0,90,0,3,0,0,0,308,222,22
3,1992,9,69,16,8,5,0,0,22,69,35,1,0,1,2,0,6,0,73,0,87,0,0,0,0,4,1,16,0,1,0,128,2,4,2,0,0,322,198,25
3,1992,10,59,25,11,7,0,1,44,157,39,1,0,0,4,2,10,0,110,0,142,0,0,0,0,0,2,28,0,8,1,104,3,13,0,0,1,391,324,41
3,1992,11,39,24,6,9,0,1,56,141,30,1,1,0,4,3,8,0,105,0,137,1,0,0,0,0,1,20,0,4,0,118,3,7,0,0,0,361,318,28
3,1992,12,37,29,7,8,0,0,42,169,31,0,1,0,3,1,6,0,125,1,81,0,0,0,0,0,0,23,0,4,0,96,1,3,2,0,1,370,271,30
3,1993,1,35,37,10,4,0,0,49,155,23,1,2,0,7,3,6,0,121,1,99,0,0,0,0,0,2,18,0,3,0,117,3,6,1,0,1,371,287,30
3,1993,2,27,50,8,1,0,0,32,111,26,0,0,2,0,0,5,0,52,1,120,0,0,0,0,0,2,20,0,5,0,115,1,6,0,1,2,330,224,30
3,1993,3,51,50,10,8,0,0,39,140,33,1,0,0,2,3,6,0,80,0,82,0,0,0,0,0,2,26,0,3,0,130,4,9,0,0,1,412,227,38
3,1993,4,51,39,6,6,0,0,56,103,40,4,2,0,8,0,1,0,90,0,98,0,0,0,0,0,3,13,0,6,0,144,4,3,1,1,0,383,257,22
3,1993,5,50,39,5,3,0,1,45,94,37,1,0,0,3,4,4,0,86,0,73,1,0,0,0,0,2,14,0,5,0,106,3,4,2,1,0,329,218,22
3,1993,6,44,61,9,4,0,1,45,116,39,4,1,1,4,0,1,0,86,0,58,0,0,0,0,0,1,9,0,7,0,111,3,5,0,1,0,375,198,19
3,1993,7,61,71,13,2,0,0,42,122,34,0,0,1,14,0,10,0,96,0,56,0,0,0,0,0,2,13,0,7,0,146,1,5,1,1,3,436,207,28
3,1993,8,41,101,19,8,0,0,36,130,34,4,1,0,8,2,10,0,91,1,70,0,0,0,0,0,1,16,0,4,0,139,2,16,0,0,0,453,213,36
3,1993,9,45,97,5,3,0,0,33,93,31,5,0,2,7,1,13,0,82,0,77,0,0,0,0,0,1,14,0,3,0,110,2,7,0,0,3,379,206,20
3,1993,10,41,65,6,6,0,0,42,116,25,4,0,0,1,1,8,0,98,0,81,1,0,0,0,0,1,21,0,4,0,95,3,10,1,0,0,348,242,29
3,1993,11,29,77,8,3,0,0,38,104,22,0,0,0,3,1,3,0,83,0,74,0,0,0,0,0,1,6,0,3,0,79,3,6,1,0,0,314,201,15
3,1993,12,31,101,14,3,0,0,29,126,22,2,1,0,6,1,8,0,86,1,42,0,0,0,0,0,3,14,0,5,0,92,2,5,2,1,1,375,171,31
3,1994,1,16,39,7,4,0,0,36,74,21,2,0,0,1,2,3,0,62,1,47,2,0,0,0,0,1,11,0,0,0,70,0,5,1,0,0,224,156,21
3,1994,2,31,38,8,6,0,1,29,87,33,4,2,0,2,1,3,1,65,0,61,0,0,0,0,1,1,5,0,2,0,71,4,4,0,2,1,266,160,14
3,1994,3,43,79,16,1,0,0,37,106,40,3,0,1,7,1,4,1,90,3,55,0,0,0,0,0,2,29,0,11,0,103,4,7,3,0,0,372,211,47
3,1994,4,38,96,14,1,0,0,31,114,25,4,1,0,1,0,4,1,75,1,63,1,0,0,0,0,2,21,0,7,0,103,2,10,1,2,9,377,190,38
3,1994,5,36,95,14,3,0,1,25,120,23,7,0,0,4,0,2,0,69,0,68,0,0,0,0,0,0,15,0,7,0,105,4,12,1,0,1,382,177,29
3,1994,6,43,71,5,5,0,0,44,100,25,1,0,0,8,1,6,0,94,0,54,0,0,0,0,0,2,17,0,6,0,93,2,11,1,1,0,337,209,24
3,1994,7,31,75,4,4,0,1,47,94,29,3,0,0,6,1,9,0,93,2,71,0,0,0,0,0,6,18,0,8,0,106,6,6,0,1,1,339,229,28
3,1994,8,50,49,12,6,0,0,55,89,27,2,0,0,4,3,9,0,73,0,51,0,0,0,0,0,1,16,0,12,0,101,2,12,0,0,1,322,195,29
3,1994,9,21,68,4,4,0,0,34,71,26,3,0,0,2,3,9,0,93,0,62,0,0,0,0,0,3,10,0,4,1,97,5,12,2,1,0,287,199,17
3,1994,10,37,66,7,5,0,0,27,125,23,0,1,0,7,4,4,0,112,0,82,1,0,0,0,0,1,14,0,9,1,92,4,5,1,3,2,348,235,23
3,1994,11,27,64,8,2,0,0,36,102,29,4,0,0,3,1,10,0,78,0,68,1,0,0,0,1,2,17,0,10,0,75,4,4,1,0,2,299,199,28
3,1994,12,22,45,3,2,0,0,25,88,19,6,0,0,2,7,13,0,98,1,49,0,0,0,0,0,1,10,0,1,0,49,3,8,0,0,0,225,182,14
3,1995,1,22,64,4,6,0,0,24,65,17,5,1,0,3,3,9,0,70,1,49,0,0,0,0,0,2,9,0,3,0,54,6,6,2,0,1,228,152,15
3,1995,2,23,17,2,0,0,0,13,48,17,8,1,0,5,1,11,1,47,0,63,0,0,0,0,0,2,11,0,5,0,50,1,5,0,1,1,155,134,15
3,1995,3,24,45,6,1,0,1,24,89,24,11,2,0,6,1,5,0,57,2,47,1,0,0,0,1,5,7,0,5,0,76,5,8,2,1,2,259,135,19
3,1995,4,27,48,5,3,1,0,26,68,18,1,0,0,3,1,7,0,68,0,37,0,0,0,0,0,1,15,0,3,0,68,1,6,1,0,0,232,146,21
3,1995,5,37,56,4,1,0,0,30,84,27,5,1,1,3,4,8,0,80,0,65,0,0,0,0,0,4,13,0,10,0,85,5,5,0,1,0,290,188,21
3,1995,6,31,43,6,1,0,1,26,81,20,5,1,1,5,7,13,0,77,0,51,0,0,0,0,0,0,4,0,5,0,88,3,4,1,1,1,264,158,10
3,1995,7,38,61,6,3,0,0,21,80,27,4,0,0,7,1,11,0,79,0,62,0,0,0,0,0,1,6,0,4,0,107,3,9,0,0,0,316,168,13
3,1995,8,32,49,6,3,0,0,30,85,27,5,3,1,8,1,15,0,86,0,59,0,0,0,0,0,3,13,0,7,0,90,4,7,1,0,1,286,188,22
3,1995,9,18,34,3,10,0,0,27,59,30,2,3,0,6,1,13,0,71,0,41,0,0,0,0,0,5,12,0,12,0,83,4,9,0,1,0,234,151,20
3,1995,10,21,31,6,2,0,0,26,116,28,3,1,1,4,1,7,0,105,0,56,0,0,0,0,0,3,16,0,8,1,84,5,4,0,0,4,282,203,25
3,1995,11,23,28,4,2,0,0,17,73,27,2,0,0,5,5,9,0,62,0,43,0,0,0,0,0,2,5,0,6,0,62,1,6,1,0,0,215,127,11
3,1995,12,15,30,3,3,0,0,32,48,18,3,0,1,2,2,10,0,55,0,49,1,0,0,0,0,1,12,0,4,0,64,1,4,0,0,1,178,148,17
3,1996,1,23,41,4,4,0,0,21,73,23,7,3,1,4,1,8,0,55,0,61,0,0,0,0,1,1,11,0,5,0,74,3,4,0,0,1,238,148,16
3,1996,2,27,21,5,5,0,0,19,74,20,2,0,1,5,2,9,2,53,0,42,0,0,0,0,0,1,6,0,1,0,67,1,9,2,1,0,214,120,12
3,1996,3,15,23,3,2,0,0,11,127,33,2,0,1,4,2,18,0,61,0,51,0,0,0,0,0,3,5,0,4,0,86,1,4,0,1,0,286,128,11
3,1996,4,18,38,6,5,0,0,27,73,28,0,0,0,3,2,14,0,71,0,39,0,0,0,0,0,2,6,0,3,0,67,2,5,2,0,1,229,143,14
3,1996,5,40,37,7,6,0,0,25,91,29,6,0,1,6,4,20,1,80,0,60,0,0,0,0,0,2,12,0,5,0,90,3,7,0,0,0,293,177,21
3,1996,6,37,41,2,3,0,0,24,54,18,6,0,0,0,0,3,0,72,0,33,0,0,0,0,0,1,16,0,3,0,64,0,5,1,0,0,217,145,19
3,1996,7,28,36,12,3,0,0,35,93,32,3,1,0,7,2,12,1,95,0,39,0,0,0,0,0,0,7,0,12,0,92,3,14,0,0,3,284,176,19
3,1996,8,35,36,3,3,0,0,25,84,22,2,1,1,3,3,9,0,101,1,45,0,0,0,0,0,3,6,1,1,0,70,0,5,2,0,0,250,177,12
3,1996,9,34,42,2,3,0,0,35,63,13,2,0,1,4,1,6,0,66,0,42,0,0,0,0,0,2,5,0,4,0,77,1,4,1,1,0,232,148,9
3,1996,10,35,34,4,3,0,0,21,100,18,2,1,0,7,8,14,0,91,0,51,0,0,0,0,0,0,12,0,2,0,77,1,6,0,1,0,267,175,16
3,1996,11,23,30,5,2,0,0,23,77,24,0,1,1,3,3,9,0,75,0,48,0,0,0,0,0,1,5,0,5,0,43,1,8,0,1,1,199,151,11
3,1996,12,22,33,4,1,0,0,20,131,17,2,0,1,4,0,12,1,99,0,41,0,0,0,0,0,3,2,0,8,0,65,5,7,0,3,1,269,162,9
3,1997,1,22,41,0,9,0,0,36,87,29,2,2,0,4,3,11,0,85,0,48,0,0,0,0,0,2,5,0,2,0,57,4,11,1,3,0,245,174,7
3,1997,2,26,28,5,5,0,0,34,73,15,1,1,1,6,3,6,0,85,3,39,0,0,0,0,0,1,7,0,4,0,59,1,9,1,0,0,206,165,13
3,1997,3,32,65,7,4,0,0,31,114,38,2,1,0,6,3,2,0,80,0,63,1,0,0,0,0,2,7,0,6,0,97,2,6,0,1,2,350,181,17
3,1997,4,22,41,8,4,0,1,29,103,40,1,0,2,3,3,8,0,92,0,60,0,0,0,0,0,2,8,0,5,0,73,2,6,1,1,0,283,189,18
3,1997,5,31,21,10,4,0,0,24,118,30,6,0,2,5,3,8,0,101,2,67,0,0,0,0,0,2,13,0,9,0,74,2,13,0,0,2,278,205,25
3,1997,6,23,30,6,0,0,0,28,92,38,0,0,0,10,3,7,0,99,3,31,0,0,0,0,0,2,6,0,7,0,86,1,8,1,0,0,269,164,14
3,1997,7,42,28,10,5,0,0,35,88,34,1,0,1,8,0,12,0,93,1,42,0,0,0,0,0,5,8,0,12,0,123,3,9,0,0,0,320,178,23
3,1997,8,35,32,1,0,0,0,44,88,43,2,0,0,8,3,17,0,89,1,41,0,0,1,0,0,0,12,0,8,0,102,0,5,2,0,1,300,186,13
3,1997,9,35,12,5,1,0,0,28,78,40,4,2,0,4,3,13,0,79,2,38,0,0,0,0,0,3,8,0,6,0,105,5,10,1,1,0,271,153,16
3,1997,10,26,14,6,2,0,0,26,120,32,10,0,0,4,0,5,0,92,0,47,1,0,0,0,0,1,5,0,3,0,98,2,7,1,3,1,292,170,13
3,1997,11,16,22,2,3,0,0,39,110,24,2,0,1,6,4,18,1,95,2,25,0,0,0,0,0,2,5,0,4,0,62,4,7,0,1,1,237,164,9
3,1997,12,18,19,3,4,0,0,32,103,27,9,2,0,6,1,6,1,92,5,32,0,0,0,0,0,3,11,0,3,0,64,3,7,0,0,4,235,167,17
3,1998,1,10,22,2,1,0,0,29,140,28,8,0,0,6,5,7,0,112,0,45,0,0,0,0,0,7,5,0,9,0,74,2,7,3,3,2,275,191,14
3,1998,2,24,11,1,4,0,1,15,88,21,1,1,0,3,4,5,0,78,0,37,0,0,0,0,0,0,11,1,1,0,51,1,7,0,0,1,199,141,12
3,1998,3,31,27,6,3,0,0,23,106,28,5,0,0,8,3,6,6,83,1,42,0,0,0,0,0,3,16,0,8,0,82,3,12,0,1,3,277,164,25
3,1998,4,12,18,6,8,0,0,21,112,24,0,0,0,8,2,14,3,90,1,48,0,0,0,0,0,1,11,0,4,0,83,1,12,0,2,0,257,170,18
3,1998,5,29,26,5,3,0,0,22,94,35,2,3,1,7,8,12,1,93,0,51,0,0,0,0,0,1,7,0,3,0,100,2,9,0,0,0,287,173,13
3,1998,6,30,22,6,1,0,0,25,90,30,1,1,0,4,5,10,0,90,0,51,0,0,0,0,0,4,5,1,7,0,81,2,5,0,1,0,254,171,15
3,1998,7,33,29,10,2,0,0,40,93,42,2,0,1,3,4,5,0,100,1,52,0,0,0,0,0,2,11,0,3,0,80,2,11,1,1,0,279,203,23
3,1998,8,32,32,8,3,0,1,47,92,41,0,1,2,10,3,7,0,95,0,69,1,0,0,0,0,2,11,0,4,0,85,2,14,0,0,0,285,222,22
3,1998,9,29,27,4,3,0,0,28,69,29,3,0,1,4,2,7,0,86,2,62,0,0,0,0,0,2,7,0,9,0,76,4,10,0,2,0,233,183,13
3,1998,10,30,22,6,5,0,0,27,103,32,4,2,0,1,3,6,0,84,1,47,0,0,0,0,0,3,13,0,6,0,74,1,7,3,0,0,266,171,22
3,1998,11,22,25,5,0,0,1,24,92,27,4,1,0,2,2,6,0,73,0,66,0,0,0,0,0,2,8,0,7,0,53,4,4,0,0,1,219,171,15
3,1998,12,17,34,4,3,0,0,23,80,28,9,4,0,0,3,6,0,73,1,33,1,0,0,0,3,1,9,0,4,0,61,2,5,3,0,2,223,138,15
3,1999,1,16,27,3,0,0,1,25,71,29,7,1,0,7,8,6,1,83,0,46,0,0,0,0,0,1,9,0,0,0,55,5,4,2,0,0,198,163,13
3,1999,2,21,51,7,0,0,0,25,66,17,5,3,1,4,3,17,0,57,0,48,1,0,1,0,0,1,10,0,1,0,60,2,2,0,1,2,215,140,19
3,1999,3,16,39,9,0,0,0,28,90,26,17,5,1,2,4,9,2,84,3,52,0,0,1,0,2,1,7,0,5,0,60,2,9,1,0,1,231,171,17
3,1999,4,35,27,10,0,0,0,27,69,21,11,5,1,0,3,7,5,93,0,36,0,0,1,0,1,0,6,0,2,0,66,2,5,3,1,1,218,162,16
3,1999,5,26,50,8,0,0,0,25,75,28,7,2,0,8,5,3,1,81,0,62,0,0,1,0,3,1,5,0,4,0,72,5,4,1,1,1,251,173,14
3,1999,6,34,32,4,2,0,1,26,63,37,24,3,2,7,2,6,0,102,5,52,0,0,0,0,1,4,6,0,10,1,63,6,8,1,5,0,231,186,14
3,1999,7,56,32,5,2,0,0,16,80,37,9,1,2,13,6,4,1,97,1,65,0,0,0,0,0,4,7,2,5,0,70,5,5,1,4,1,277,185,16
3,1999,8,57,39,11,3,0,0,33,96,26,23,2,0,10,4,8,0,103,0,56,0,0,1,0,1,2,12,0,10,0,83,6,2,2,3,1,304,204,25
3,1999,9,34,44,10,1,0,0,32,81,34,6,0,1,4,3,3,0,95,0,61,0,0,0,0,1,1,13,0,5,0,68,5,2,2,0,1,262,201,24
3,1999,10,22,22,5,0,0,0,36,78,21,5,3,1,5,7,11,0,72,0,58,0,0,1,0,1,2,9,0,5,0,81,6,5,2,1,1,224,175,16
3,1999,11,26,24,4,2,0,0,19,57,17,1,1,2,4,4,10,0,68,0,53,0,0,0,0,0,2,18,0,2,0,72,3,7,1,0,2,198.1271692,158,24
3,1999,12,27,24,10,3,0,1,30,90,24,6,5,2,7,4,14,3,90,2,42,2,0,0,0,3,1,13,0,6,0,96,6,10,1,3,5,264.4542421,175,26
3,2000,1,18,41,15,0,0,0,28,88,48,32,10,2,5,6,12,0,87,10,41,0,0,0,0,6,2,17,0,4,0,131,5,7,0,1,3,326,173,34
3,2000,2,29,23,10,0,0,2,25,71,39,28,10,1,11,4,4,1,83,8,44,0,1,2,0,4,2,20,0,7,0,139,6,9,4,0,4,301,172,32
3,2000,3,27,42,14,4,0,1,30,113,33,18,3,0,6,4,10,0,82,8,36,0,0,1,0,6,2,11,0,7,0,106,6,11,2,2,2,325,159,27
3,2000,4,31,19,9,2,0,0,46,93,35,19,5,0,7,3,14,0,72,10,54,0,0,1,0,4,1,13,0,3,0,117,3,13,4,0,3,297,185,23
3,2000,5,38,68,15,0,0,0,31,94,41,21,9,0,5,3,9,4,85,10,30,0,0,1,0,7,1,6,0,5,0,134,5,14,1,0,6,375,152,22
3,2000,6,42,47,8,5,0,0,33,98,36,30,8,0,8,3,7,0,79,5,38,1,0,1,0,7,3,8,0,3,0,106,7,5,5,0,4,334,158,20
3,2000,7,33,53,8,2,0,0,42,88,49,12,7,1,8,4,18,0,97,15,30,2,0,2,0,6,0,13,0,5,0,105,6,13,3,1,2,330,182,23
3,2000,8,49,55,5,0,0,0,32,98,41,17,6,0,9,2,9,0,97,8,36,0,0,1,0,2,3,6,0,10,0,78,5,8,2,0,0,321,171,14
3,2000,9,47,44,11,1,0,0,34,84,33,23,3,1,5,5,9,0,70,13,36,0,0,1,0,6,0,7,0,4,0,118,6,8,4,0,6,327,147,18
3,2000,10,40,23,3,0,0,1,29,87,53,18,6,0,8,5,2,2,56,9,23,0,0,0,0,10,1,12,0,5,0,111,7,6,1,0,0,314,120,16
3,2000,11,25,24,4,7,0,0,38,95,29,42,4,1,4,3,8,0,62,6,27,0,0,0,0,3,2,11,0,8,0,92,7,4,3,1,8,272,138,17
3,2000,12,10,30,9,1,0,0,29,64,23,15,1,0,4,3,0,0,65,1,42,1,0,0,0,2,1,10,0,3,0,84,4,4,1,0,3,212,146,21
3,2001,1,25,35,15,4,0,0,34,133,29,24,5,1,6,6,17,0,87,0,34,0,0,2,0,3,2,8,0,6,1,99,5,6,4,2,6,325,163,25
3,2001,2,38,27,9,0,0,2,36,94,37,29,2,0,5,5,9,0,48,2,36,0,0,0,0,3,0,7,0,7,0,87,4,12,1,0,5,283,127,16
3,2001,3,45,21,11,1,0,0,28,98,45,35,4,1,10,6,12,1,70,1,37,0,0,0,0,8,0,8,0,3,0,104,1,15,2,1,10,314,143,19
3,2001,4,41,35,13,3,0,0,31,92,24,15,4,3,5,5,11,2,65,3,46,0,0,0,0,2,0,7,0,3,0,135,4,8,3,1,3,330,149,20
3,2001,5,25,44,7,0,0,0,27,94,41,32,4,0,7,2,9,1,84,1,33,0,0,0,0,5,1,6,0,4,0,127,3,9,2,0,13,331,150,14
3,2001,6,21,42,11,1,0,1,44,117,31,22,1,0,7,5,7,0,77,2,37,0,0,0,0,3,0,4,0,6,0,112,1,11,3,3,5,324,162,15
3,2001,7,37,48,17,1,0,0,51,122,33,16,4,2,3,4,9,0,78,1,55,0,0,0,0,3,1,12,0,9,0,141,1,8,5,0,2,382,196,30
3,2001,8,34,32,10,0,0,0,51,128,26,22,4,0,4,6,26,0,85,0,49,1,0,0,0,2,1,5,0,3,0,113,0,10,1,1,4,333,190,17
3,2001,9,38,55,8,0,0,1,63,98,29,19,3,0,6,5,18,1,77,2,35,0,0,0,0,7,1,10,0,8,0,111,3,8,5,0,2,331,185,19
3,2001,10,30,19,8,0,0,2,63,120,34,27,1,2,6,5,11,0,100,2,61,0,0,1,0,4,1,9,0,3,0,114,2,14,0,0,3,317,233,18
3,2001,11,28,20,18,1,0,2,54,127,29,33,1,0,10,1,6,0,86,1,53,1,0,1,0,6,1,4,0,2,0,142,5,11,4,2,7,347,197,24
3,2001,12,19,24,12,0,0,0,60,103,32,23,6,0,4,1,4,0,56,0,60,0,0,0,0,2,0,11,0,1,0,96,4,9,3,2,5,274,187,23
4,1990,1,14,5,0,7,0,0,53,129,65,3,0,0,4,1,3,0,79,2,127,0,0,0,0,1,3,11,0,5,0,74,9,2,6,0,2,294,270,14
4,1990,2,20,5,2,9,0,0,37,114,43,2,2,0,3,4,7,0,79,3,117,1,0,0,0,3,1,8,0,1,0,64,11,2,0,0,0,255,241,12
4,1990,3,22,2,6,7,0,0,29,131,48,0,0,1,2,1,6,0,116,4,126,1,0,0,0,2,1,6,1,3,0,93,11,2,5,0,1,303,277,14
4,1990,4,17,5,4,7,0,0,41,104,34,0,0,1,5,1,5,0,96,4,101,0,0,0,0,8,2,10,0,6,0,81,6,3,2,0,2,248,248,16
4,1990,5,34,10,7,2,0,0,43,113,39,2,1,0,3,0,5,0,121,1,112,0,0,0,0,6,3,5,0,6,0,65,7,2,1,0,0,263,281,15
4,1990,6,33,10,10,3,0,0,30,108,67,2,0,0,8,0,10,1,88,5,125,0,0,0,0,19,0,8,1,6,0,108,13,3,1,0,0,329,251,18
4,1990,7,14,12,7,4,0,0,39,95,43,8,0,2,3,1,6,3,106,4,105,0,0,0,0,5,2,6,0,6,0,107,7,2,3,0,0,275,256,15
4,1990,8,12,8,6,3,0,0,43,94,38,0,0,0,2,2,9,0,83,0,111,0,0,0,0,2,1,4,0,4,0,77,3,4,7,1,0,232,241,11
4,1990,9,14,9,10,4,0,0,42,105,25,2,1,0,8,2,6,0,75,0,136,0,0,0,0,0,2,8,0,2,0,84,2,2,3,0,0,241,261,20
4,1990,10,10,11,12,8,0,0,50,107,39,1,2,2,5,1,4,0,97,1,119,0,0,0,0,2,4,6,0,6,0,83,0,1,1,0,0,258,272,22
4,1990,11,12,2,5,2,0,1,36,66,19,1,0,1,1,0,2,0,76,1,105,0,0,0,0,2,4,8,0,1,0,60,0,0,0,0,0,161,225,17
4,1990,12,9,7,7,3,0,0,48,91,27,0,0,0,2,0,4,0,86,0,100,0,0,0,0,3,2,11,0,3,0,65,2,0,3,0,0,202,245,20
4,1991,1,15,6,2,3,0,0,61,84,30,5,0,0,2,1,4,0,65,0,103,0,0,0,0,5,5,12,0,3,0,84,10,0,0,0,0,222,241,19
4,1991,2,21,5,5,2,0,0,49,58,24,2,2,0,7,0,11,0,60,0,77,0,0,0,0,7,0,8,0,3,0,54,0,1,1,0,0,164,194,13
4,1991,3,18,6,3,4,0,0,33,93,31,2,3,0,5,0,8,0,47,0,95,0,0,0,0,9,0,5,0,2,0,58,2,2,0,0,0,210,180,8
4,1991,4,14,5,4,2,0,0,47,99,33,6,0,0,6,0,5,0,79,0,119,0,0,0,0,0,3,8,0,4,0,69,0,1,1,0,0,222,253,15
4,1991,5,37,9,2,6,0,0,55,71,15,0,0,1,5,0,8,0,102,0,104,0,0,0,0,0,2,7,0,2,0,69,0,3,1,1,0,207,268,11
4,1991,6,26,9,6,7,0,0,44,74,22,0,1,0,4,1,10,0,73,0,104,0,0,0,0,0,4,1,0,3,0,95,1,0,2,0,0,233,222,11
4,1991,7,51,5,8,7,0,0,65,69,33,0,1,0,4,1,13,1,66,0,81,1,0,0,0,0,3,7,0,9,0,82,0,2,1,0,0,247,219,19
4,1991,8,35,12,8,4,0,0,47,71,41,7,5,0,2,2,3,0,96,1,96,0,0,0,0,0,5,4,0,2,0,99,0,3,1,0,0,262,243,17
4,1991,9,22,11,1,2,0,0,33,78,23,2,0,0,1,0,5,0,52,0,93,0,0,0,0,0,1,7,1,4,0,87,0,0,1,0,0,223,185,9
4,1991,10,22,11,6,6,0,0,27,132,25,2,2,0,4,0,6,0,94,0,84,0,0,0,0,0,0,10,0,1,0,82,0,4,0,1,0,278,215,16
4,1991,11,12,12,7,6,0,0,54,80,18,2,1,2,2,0,2,0,68,0,80,0,0,0,0,0,2,7,0,4,0,64,0,1,1,0,0,192,209,16
4,1991,12,25,12,4,1,0,0,42,80,15,3,0,0,4,0,4,0,78,0,107,0,0,0,0,0,0,9,0,2,0,64,0,1,2,0,0,197,236,13
4,1992,1,15,11,0,7,0,0,53,84,17,2,0,0,0,0,4,0,70,0,101,0,0,0,0,0,0,7,0,1,0,79,0,1,2,0,0,213,231,7
4,1992,2,22,10,3,2,0,0,54,100,30,2,0,0,6,0,5,0,89,1,108,1,0,0,0,0,4,12,0,4,0,53,0,2,1,0,0,217,263,20
4,1992,3,21,12,4,5,0,0,51,94,24,0,1,0,6,0,3,0,80,0,145,0,0,0,0,1,0,9,0,3,0,67,1,1,0,0,0,223,285,13
4,1992,4,22,15,6,4,0,0,32,114,31,2,2,1,3,0,8,0,102,0,82,1,0,0,0,1,3,10,0,4,0,101,0,2,1,1,1,287,226,20
4,1992,5,30,18,10,8,0,0,45,92,14,0,1,1,4,0,7,1,97,0,100,1,0,0,0,0,1,4,1,2,0,96,0,3,1,0,0,258,246,16
4,1992,6,20,15,5,2,0,0,41,97,28,0,0,0,6,2,3,0,95,0,141,0,0,0,0,0,3,9,0,3,0,85,0,2,2,0,0,247,286,17
4,1992,7,25,20,4,2,0,1,44,63,18,2,0,0,3,2,11,0,85,0,89,0,0,0,0,0,1,7,0,5,0,93,1,2,0,0,0,221,225,12
4,1992,8,22,12,6,9,0,1,72,110,37,2,0,0,1,2,7,0,95,2,89,0,0,0,0,1,0,9,0,7,0,130,2,4,1,0,0,320,265,15
4,1992,9,31,17,4,6,0,1,52,134,34,3,0,1,7,2,2,0,130,2,104,0,0,0,0,2,1,5,0,3,0,112,0,4,0,1,0,334,291,10
4,1992,10,24,30,6,4,0,0,48,230,42,3,0,0,6,2,7,0,136,0,106,1,0,0,0,0,2,4,0,5,0,108,2,2,0,0,0,438,294,13
4,1992,11,3,10,3,8,0,0,29,160,40,0,1,0,6,2,7,0,117,0,108,0,0,0,0,0,0,8,0,2,0,96,2,5,2,0,1,317,262,11
4,1992,12,19,11,4,0,0,0,31,130,30,3,0,0,4,2,7,0,96,0,89,0,0,0,0,0,3,10,0,5,0,73,0,3,0,0,2,263,226,17
4,1993,1,20,29,8,6,0,0,44,168,36,0,0,1,3,2,5,0,102,0,123,0,0,0,0,0,0,10,0,4,0,91,3,6,1,0,1,350,279,18
4,1993,2,18,14,3,4,0,0,46,111,32,0,0,1,4,3,14,0,84,0,103,0,0,0,0,0,2,5,0,3,0,66,6,3,4,0,2,245,238,10
4,1993,3,27,43,5,5,0,0,51,182,46,0,0,0,4,4,12,0,95,0,102,0,0,0,0,0,1,11,0,7,0,116,1,1,1,0,1,419,259,17
4,1993,4,26,41,5,4,0,1,47,149,30,1,0,1,8,4,6,0,95,0,124,0,0,0,0,0,1,5,0,6,1,108,6,7,0,1,1,358,271,11
4,1993,5,37,31,5,1,0,0,54,141,36,0,1,0,8,4,6,0,115,0,100,0,0,0,0,0,2,7,0,6,0,112,4,6,2,0,1,358,276,14
4,1993,6,35,44,3,8,0,1,47,127,44,4,0,0,3,3,12,0,123,1,98,1,0,0,0,0,3,6,0,4,0,118,4,3,3,0,3,376,274,13
4,1993,7,34,43,5,5,0,0,44,146,31,1,0,0,4,6,11,0,97,0,100,0,0,0,0,0,0,8,0,2,0,128,6,11,1,2,0,387,249,13
4,1993,8,45,36,5,4,0,0,51,117,44,6,0,2,5,6,8,1,119,2,142,0,0,0,0,0,1,6,0,4,0,150,3,8,1,0,0,396,318,12
4,1993,9,39,57,7,10,0,0,49,111,40,9,1,2,6,5,5,0,91,1,106,0,0,0,0,0,0,13,0,6,0,121,6,4,2,0,1,378,259,20
4,1993,10,30,37,3,6,0,0,30,122,38,1,0,2,5,1,2,0,100,1,87,0,0,0,0,0,2,9,0,7,0,118,4,3,3,1,0,351,226,14
4,1993,11,14,45,2,9,0,0,42,128,36,1,1,0,3,4,8,0,101,0,65,0,0,0,0,0,1,11,0,7,0,73,2,4,0,1,0,305,219,14
4,1993,12,14,28,5,4,0,0,31,127,39,4,1,0,5,5,14,0,77,0,79,1,0,0,0,0,1,5,0,3,0,61,1,4,2,1,0,273,192,12
4,1994,1,1,10,0,7,0,0,22,80,40,1,0,0,7,5,9,0,46,2,60,0,0,0,0,1,2,7,0,4,0,79,0,6,1,0,0,217,135,9
4,1994,2,22,24,2,0,0,0,25,115,26,1,0,1,8,2,10,0,71,1,64,0,0,0,0,0,1,12,0,3,0,94,3,5,1,1,0,281,172,15
4,1994,3,28,34,8,4,0,1,37,136,47,3,2,0,9,6,6,1,71,0,98,1,0,0,0,0,4,9,0,10,0,99,5,5,1,0,1,348,215,22
4,1994,4,21,34,5,5,0,0,33,133,35,7,0,1,4,1,6,0,77,0,85,0,0,0,0,0,3,10,0,9,0,91,4,4,2,0,0,319,205,18
4,1994,5,30,34,4,4,0,0,40,136,33,6,1,0,5,2,9,0,101,0,96,0,0,0,0,0,4,2,2,5,0,111,3,4,3,0,1,348,239,10
4,1994,6,31,38,5,3,0,0,49,102,35,3,1,0,10,3,6,0,115,2,71,0,0,0,0,0,1,10,0,5,0,108,3,10,0,1,0,317,245,16
4,1994,7,20,50,8,6,0,1,43,104,35,4,0,0,5,2,14,0,105,0,71,0,0,0,0,0,2,17,1,6,0,115,2,15,2,0,0,330,236,27
4,1994,8,20,43,0,8,0,0,45,92,48,2,0,0,5,3,12,0,86,0,74,0,0,0,0,0,0,3,0,0,0,101,1,11,1,0,1,312,208,3
4,1994,9,28,58,9,4,0,1,38,108,34,6,1,0,6,1,6,0,78,0,82,0,0,0,0,0,1,9,0,7,0,102,5,16,1,1,1,334,207,19
4,1994,10,22,31,4,7,0,0,40,149,43,4,2,1,4,0,11,0,96,0,77,0,0,0,0,0,2,17,0,5,0,92,4,11,1,0,1,344,230,23
4,1994,11,16,30,3,2,0,1,41,157,27,4,0,0,3,1,7,0,98,0,84,0,0,0,0,0,1,17,0,5,0,89,3,4,2,1,0,321,240,21
4,1994,12,22,35,13,0,0,0,41,88,27,1,0,1,7,4,14,0,77,0,65,0,0,0,0,0,2,7,1,3,0,75,1,5,1,0,0,247,190,22
4,1995,1,15,34,5,3,0,0,35,77,24,3,0,1,8,1,6,0,58,0,59,0,0,0,0,0,2,10,0,7,0,72,3,5,0,0,3,225,162,17
4,1995,2,14,22,7,1,0,0,22,78,42,7,4,1,3,3,6,0,46,0,51,0,0,0,0,0,1,7,0,2,0,72,2,8,0,0,2,229,126,15
4,1995,3,32,29,2,6,0,0,36,101,32,7,1,0,5,4,14,0,80,0,72,0,0,0,0,0,2,3,0,4,0,89,1,8,2,3,0,289,191,7
4,1995,4,30,31,3,2,0,0,19,98,36,0,0,0,2,1,9,0,90,0,61,1,0,0,0,0,3,9,0,5,0,93,2,5,2,2,0,290,179,16
4,1995,5,20,59,10,3,0,0,35,109,32,4,1,0,5,1,6,0,89,1,64,1,1,0,0,0,3,4,0,7,0,107,2,7,1,1,0,330,192,18
4,1995,6,30,59,9,2,0,0,42,103,31,2,1,1,4,2,8,0,93,0,35,0,0,0,0,0,0,6,0,3,0,78,1,3,0,0,0,303,176,15
4,1995,7,19,65,7,4,0,0,37,113,40,3,0,0,8,1,6,0,92,0,45,0,0,0,0,0,3,8,0,7,0,127,0,10,0,0,1,368,182,18
4,1995,8,16,43,0,1,0,0,44,89,46,1,2,0,8,3,11,0,86,0,50,0,0,0,0,0,0,3,0,8,0,87,2,9,2,0,0,282,183,3
4,1995,9,15,37,7,2,0,0,29,89,25,2,1,0,6,4,8,0,78,0,49,0,0,0,0,0,0,8,0,7,0,86,1,9,0,0,0,254,164,15
4,1995,10,14,24,5,3,0,0,43,100,33,3,0,0,6,3,5,0,98,0,67,0,0,0,0,0,4,11,0,6,0,95,3,6,2,0,1,269,219,20
4,1995,11,9,18,6,1,0,0,35,106,41,6,0,0,6,6,10,0,77,0,62,0,0,0,0,0,0,5,0,2,0,88,3,9,0,1,0,263,179,11
4,1995,12,18,25,1,1,0,0,24,55,18,1,0,1,4,4,10,0,76,0,50,0,0,0,0,0,1,8,0,4,0,76,3,7,0,0,0,193,158,10
4,1996,1,7,29,7,4,0,0,29,88,25,1,2,2,11,3,9,0,75,0,45,0,0,0,0,0,1,9,0,4,0,90,1,9,0,0,0,243,158,17
4,1996,2,12,28,4,1,0,0,35,58,23,1,0,1,7,3,10,0,68,0,43,1,0,0,0,0,2,3,0,4,0,65,4,1,0,1,1,187,149,10
4,1996,3,9,28,13,2,0,0,29,95,29,0,0,2,7,4,11,1,75,0,41,0,0,0,0,0,0,8,0,3,0,106,4,5,3,0,0,269,153,21
4,1996,4,16,23,2,3,0,0,35,65,28,0,0,0,5,0,13,0,66,0,32,0,0,0,0,0,3,5,0,6,0,85,2,4,2,1,0,220,138,10
4,1996,5,18,36,4,2,0,0,42,85,30,8,0,1,3,4,19,0,72,0,49,0,0,0,0,0,0,5,0,5,0,107,2,8,2,1,1,278,168,9
4,1996,6,20,37,5,1,0,0,24,77,32,1,0,0,4,0,13,0,79,0,56,0,0,0,0,0,1,6,0,1,0,112,0,18,0,1,2,279,165,12
4,1996,7,26,31,6,4,0,0,43,91,30,4,1,0,9,4,9,0,76,0,39,0,0,0,0,0,1,10,0,2,0,109,3,9,2,1,0,291,168,17
4,1996,8,20,29,5,2,0,0,28,82,38,4,0,1,7,1,7,0,97,0,43,0,0,0,0,0,4,11,0,12,0,90,2,8,2,0,1,261,179,20
4,1996,9,20,46,5,3,0,0,20,75,27,3,0,0,8,7,20,0,101,0,52,0,0,0,0,0,3,4,0,3,0,109,2,10,4,1,0,280,177,12
4,1996,10,16,34,3,1,0,0,22,111,39,5,0,1,8,5,12,0,101,0,40,0,0,0,0,1,2,3,0,8,0,114,5,9,0,0,0,315,166,8
4,1996,11,15,29,6,3,0,0,23,104,30,0,1,2,2,2,12,0,75,0,38,0,0,0,0,0,0,7,0,3,0,93,1,10,3,4,0,274,143,13
4,1996,12,17,28,6,2,0,1,22,125,22,0,0,1,5,2,3,0,89,0,67,0,0,0,0,0,2,11,0,4,0,81,2,10,1,0,0,275,189,19
4,1997,1,28,21,4,9,0,0,23,76,44,3,0,1,7,4,9,0,76,0,47,1,0,0,0,0,2,8,0,2,0,75,2,14,4,2,0,253,154,15
4,1997,2,17,20,3,4,0,1,24,96,39,2,0,0,7,2,8,0,81,2,39,0,0,0,0,0,3,5,0,6,0,96,1,8,1,1,1,272,149,11
4,1997,3,23,16,7,11,0,0,37,119,43,4,0,0,7,4,15,0,95,0,78,0,0,0,0,0,3,5,0,7,0,90,0,14,2,0,0,302,215,15
4,1997,4,24,21,8,6,0,1,27,120,36,2,0,0,0,2,11,0,87,0,66,1,0,0,0,0,1,5,0,0,0,71,2,6,0,1,0,278,185,15
4,1997,5,18,18,7,1,0,0,30,137,43,3,0,1,9,7,11,0,86,1,51,0,0,0,0,0,2,5,0,4,0,110,3,12,1,0,0,327,172,14
4,1997,6,15,26,7,8,0,0,27,155,37,2,0,0,7,2,9,0,97,0,51,0,0,0,0,0,0,3,0,5,0,112,1,11,5,0,1,353,178,10
4,1997,7,31,32,5,0,0,0,33,124,46,0,0,0,9,3,16,0,134,1,45,0,0,0,0,0,4,5,0,8,0,125,3,9,3,1,0,358,217,14
4,1997,8,24,52,6,6,0,1,35,124,59,1,0,0,12,4,19,0,118,0,49,0,0,0,0,0,3,8,0,6,0,128,4,14,2,3,1,393,210,17
4,1997,9,23,22,5,3,0,0,28,86,46,1,0,0,8,1,6,1,102,0,34,0,0,0,0,0,1,3,0,5,0,71,4,10,0,1,1,251,167,9
4,1997,10,18,21,3,2,0,0,36,136,40,1,0,0,8,6,14,0,101,1,40,1,0,0,0,0,1,9,0,4,0,112,1,9,1,1,1,329,186,14
4,1997,11,11,22,6,1,0,0,25,149,52,1,0,0,7,8,14,0,110,2,39,0,0,0,0,1,2,10,0,4,0,92,0,11,4,0,0,327,184,18
4,1997,12,14,37,4,0,0,0,21,124,39,1,0,0,3,2,17,0,92,0,53,1,0,0,0,0,1,14,0,2,0,102,6,7,7,1,3,316,180,20
4,1998,1,15,25,3,2,0,0,23,105,44,6,2,0,6,5,9,0,108,1,61,0,0,0,0,0,0,7,0,5,0,98,1,8,1,0,0,289,199,10
4,1998,2,14,27,6,1,0,0,28,111,47,5,0,0,5,4,11,0,87,0,64,0,0,0,0,0,1,12,0,13,0,74,2,7,5,0,0,274,191,19
4,1998,3,27,29,7,1,0,0,28,138,56,3,0,0,12,1,6,0,90,0,52,0,0,0,0,0,1,6,0,6,0,121,2,13,3,0,0,372,176,14
4,1998,4,24,23,9,0,0,0,25,139,43,13,1,0,6,1,7,1,104,0,48,0,0,0,0,0,0,3,0,9,0,92,1,15,1,0,0,321,180,12
4,1998,5,23,17,8,2,0,0,28,102,35,1,0,1,9,6,6,0,93,1,68,0,0,0,0,0,3,3,1,8,0,121,1,11,2,0,0,300,192,14
4,1998,6,32,28,6,2,0,1,30,96,43,1,1,0,4,5,17,0,103,0,66,0,0,1,0,0,4,6,0,5,0,119,1,11,3,1,0,320,205,16
4,1998,7,29,33,10,2,0,0,49,140,60,2,0,1,6,3,15,1,114,0,70,0,0,0,0,0,4,9,0,4,0,137,3,8,5,1,1,401,242,23
4,1998,8,41,29,2,1,0,0,33,105,49,4,1,0,9,3,10,0,133,0,59,0,0,0,0,0,3,9,0,6,0,114,2,9,2,0,0,339,234,14
4,1998,9,23,22,1,3,0,0,23,95,49,8,1,4,5,0,9,0,87,1,45,0,0,0,0,0,2,5,0,7,0,80,2,10,4,0,0,272,160,8
4,1998,10,21,34,6,2,0,0,35,94,54,0,2,3,10,3,24,0,87,0,44,0,0,1,0,1,1,9,0,2,0,87,4,11,0,1,0,292,175,16
4,1998,11,14,24,6,1,0,0,38,111,46,1,1,2,4,2,12,0,99,0,59,0,0,0,0,0,1,14,0,7,0,69,6,7,2,0,0,265,210,21
4,1998,12,11,19,3,2,0,0,42,73,42,7,3,1,3,2,11,1,111,0,59,0,0,0,0,2,2,16,0,3,0,66,2,8,1,0,2,213,228,21
4,1999,1,16,32,11,2,0,0,29,80,38,8,0,0,3,5,9,0,87,1,41,0,0,0,0,1,1,10,0,3,0,79,6,9,0,0,0,247,167,22
4,1999,2,9,15,8,1,0,0,18,70,34,6,1,0,3,4,13,0,74,0,30,0,0,0,0,0,0,9,0,2,0,68,3,8,0,0,0,197,131,17
4,1999,3,21,47,6,0,0,0,27,109,53,2,4,1,8,4,16,2,93,1,37,0,0,0,0,1,2,13,2,7,0,103,10,9,1,0,1,333,170,21
4,1999,4,18,18,9,1,0,1,21,68,47,8,6,1,5,4,8,0,95,0,52,0,0,0,0,0,2,5,0,8,0,71,6,4,1,2,1,223,173,16
4,1999,5,26,30,8,2,1,0,35,75,32,14,2,0,5,6,10,0,107,0,59,1,0,0,0,0,2,8,0,10,0,101,10,11,3,2,0,266,209,19
4,1999,6,17,31,6,0,0,0,40,97,43,9,2,0,4,0,5,1,98,1,59,0,0,0,0,0,0,5,0,4,0,78,3,9,1,1,1,266,202,11
4,1999,7,19,20,5,1,0,0,43,152,44,1,0,1,3,2,12,0,122,0,62,0,0,1,0,0,1,4,0,1,0,109,4,5,3,1,0,345,231,10
4,1999,8,37,26,7,1,0,0,37,103,44,7,2,0,6,5,14,0,127,0,68,0,0,0,0,0,0,11,0,7,0,81,7,11,1,0,0,292,243,18
4,1999,9,30,30,6,1,0,0,32,65,24,15,1,4,5,6,8,0,85,0,56,0,0,0,0,0,0,8,0,4,0,87,2,11,2,0,0,237,181,14
4,1999,10,26,26,3,1,0,0,33,81,31,12,2,0,10,2,16,0,99,0,98,0,0,0,0,0,1,9,0,7,0,89,5,11,5,0,6,254,239,13
4,1999,11,19,18,3,2,0,0,35,79,31,8,1,1,5,3,2,0,90,1,46,1,0,0,0,0,1,12,0,0,0,79,2,7,3,0,0,227.9319779,183,17
4,1999,12,19,19,3,0,0,0,28,102,37,12,2,0,9,6,12,3,100,1,52,0,0,1,0,0,2,4,0,6,0,87,5,13,3,0,2,263.9197817,184,9
4,2000,1,11,23,8,2,0,0,46,99,39,21,5,0,10,4,14,0,104,3,36,0,0,0,0,1,2,3,0,2,0,92,4,8,1,3,3,266,189,13
4,2000,2,25,24,8,0,0,0,35,89,34,34,10,2,7,10,19,7,101,3,32,1,0,0,0,1,2,9,1,9,0,115,4,9,2,0,2,287,177,20
4,2000,3,32,17,10,2,0,0,18,98,33,31,8,1,8,1,7,0,95,1,49,0,0,0,0,2,2,7,0,5,0,103,6,8,2,1,6,285,169,19
4,2000,4,18,17,6,2,0,0,34,150,28,14,4,0,6,4,8,0,101,0,68,0,0,2,0,0,0,12,0,5,0,120,2,5,4,3,0,335,215,18
4,2000,5,32,23,6,0,0,0,42,153,27,7,3,0,10,2,7,0,113,1,64,0,0,1,0,2,2,9,0,5,0,135,9,6,0,3,1,370,228,17
4,2000,6,22,39,10,2,0,0,40,155,45,30,9,1,6,3,10,0,118,9,50,1,0,0,0,4,0,13,0,3,0,130,11,11,5,2,3,393,221,24
4,2000,7,27,28,4,4,0,0,49,145,36,24,2,3,9,7,16,0,112,2,54,0,0,0,0,1,1,6,0,3,0,117,10,12,3,0,4,357,221,11
4,2000,8,30,21,11,1,0,0,48,113,35,40,4,0,2,5,19,1,103,12,56,0,0,0,0,6,0,12,0,4,0,111,5,7,2,1,2,311,219,23
4,2000,9,30,21,7,1,0,0,33,112,26,21,3,1,6,5,13,0,96,5,28,0,0,0,0,1,0,5,0,5,0,104,2,5,0,1,5,294,162,12
4,2000,10,31,20,5,3,0,0,32,127,31,35,6,0,3,3,13,0,93,1,49,0,0,1,0,2,1,6,0,11,0,104,6,4,3,2,2,316,180,12
4,2000,11,11,26,9,0,0,0,37,102,27,29,6,0,3,1,12,0,92,6,41,0,0,0,0,1,2,4,0,3,0,87,2,6,1,0,3,253,174,15
4,2000,12,12,19,6,1,0,0,43,61,19,12,2,1,1,1,7,0,74,2,46,0,0,0,0,1,1,3,0,3,0,54,1,6,0,0,2,166,166,10
4,2001,1,14,13,4,0,0,1,51,98,44,13,2,2,5,4,15,1,92,2,53,0,0,0,0,1,1,17,0,2,0,85,3,7,2,0,7,254,213,22
4,2001,2,20,14,7,0,0,0,66,86,38,30,3,1,7,5,12,0,64,2,53,1,0,0,0,1,2,5,1,2,0,77,3,4,2,0,2,235,188,15
4,2001,3,27,14,7,2,0,0,47,121,38,45,2,1,3,7,20,3,105,5,54,0,0,1,0,1,1,8,0,3,0,83,2,17,2,4,5,285,214,16
4,2001,4,30,34,12,5,0,4,47,129,49,16,0,1,9,6,17,0,113,1,42,1,0,0,0,1,3,5,0,14,0,144,6,14,1,0,4,391,207,21
4,2001,5,34,19,8,1,0,0,40,109,32,32,3,2,8,6,10,0,103,1,49,0,0,0,0,2,1,6,0,0,0,128,3,6,1,1,6,323,198,15
4,2001,6,24,43,8,2,0,0,37,111,28,26,3,3,9,10,20,0,134,0,38,0,0,0,0,4,3,8,0,10,1,151,3,12,2,0,6,359,217,19
4,2001,7,18,31,5,2,0,0,44,103,43,17,4,1,6,5,13,0,116,1,37,0,0,0,0,2,1,7,0,2,0,131,2,9,2,0,4,328,204,13
4,2001,8,39,8,8,2,0,0,43,116,33,27,2,0,4,12,28,0,124,1,39,1,0,0,0,2,2,3,0,6,0,145,5,17,1,1,7,343,209,14
4,2001,9,24,21,5,0,0,0,36,120,38,21,8,0,8,6,10,1,86,1,53,0,0,0,0,3,2,6,0,1,0,106,1,7,5,2,4,309,181,13
4,2001,10,19,22,10,1,0,0,38,85,49,42,5,1,7,6,13,2,89,1,34,0,0,3,0,6,1,7,0,4,0,138,0,8,1,1,6,314,168,18
4,2001,11,21,18,9,2,0,0,22,129,30,23,8,0,10,1,13,0,118,2,58,0,0,0,0,2,1,5,0,4,0,92,1,7,0,0,6,292,203,15
4,2001,12,18,10,7,0,0,0,42,115,31,21,7,2,12,2,5,3,79,1,50,0,0,1,0,1,1,3,0,1,0,106,2,6,1,1,4,280,174,11
5,1990,1,111,19,20,9,0,1,140,148,50,20,0,0,8,1,6,0,162,4,225,0,0,0,0,1,4,45,0,5,0,131,11,8,0,0,2,468,572,69
5,1990,2,102,29,14,5,0,0,102,174,41,14,1,0,4,3,11,0,167,4,199,2,0,0,0,2,3,26,0,6,0,118,9,9,3,1,0,469,494,45
5,1990,3,121,17,20,7,0,1,111,152,40,13,0,0,5,3,15,0,153,5,239,0,1,0,0,0,4,24,0,11,0,121,9,3,5,0,0,458,527,48
5,1990,4,143,28,33,6,0,1,97,138,49,6,0,0,2,2,15,0,160,26,192,0,0,0,0,12,3,37,0,7,0,152,10,7,4,0,0,516,486,73
5,1990,5,135,16,22,8,0,0,112,154,70,0,0,0,7,3,16,0,171,32,212,0,0,0,0,13,5,39,0,5,0,170,19,4,2,0,0,553,534,66
5,1990,6,122,40,17,2,0,0,83,102,62,0,0,0,7,0,7,0,128,6,174,0,0,0,0,22,8,27,1,15,0,126,0,2,1,1,2,454,412,52
5,1990,7,123,43,20,11,0,1,107,136,39,2,1,1,7,0,7,1,146,4,197,1,0,0,0,7,5,31,0,10,0,157,0,9,4,0,3,509,481,57
5,1990,8,228,37,26,4,1,0,125,137,42,10,1,0,4,1,10,0,158,0,190,0,0,0,0,2,1,42,1,7,0,128,3,3,3,0,0,576,515,69
5,1990,9,200,49,22,6,0,1,115,144,46,0,1,0,7,1,5,0,152,1,200,1,0,0,0,1,3,35,1,3,0,118,6,7,0,0,0,563,502,61
5,1990,10,155,37,21,4,0,1,137,155,44,4,1,1,3,0,12,0,172,1,241,0,0,0,0,3,8,44,1,9,0,131,3,2,2,0,0,526,594,73
5,1990,11,114,23,25,7,0,0,109,131,22,9,1,2,2,1,8,0,150,2,234,0,0,0,0,2,4,36,2,3,0,84,2,4,2,0,2,381,529,65
5,1990,12,125,28,24,2,0,0,98,142,29,8,2,1,4,1,8,0,180,0,307,0,0,0,0,13,7,46,0,4,0,94,6,2,0,0,0,420,631,77
5,1991,1,106,34,14,3,0,1,116,109,29,4,1,3,9,0,10,0,150,0,268,1,0,0,0,10,10,45,0,4,0,108,1,4,3,0,1,389,579,70
5,1991,2,129,21,9,8,0,0,61,83,43,2,1,0,7,2,8,0,131,1,131,0,0,0,0,15,4,34,0,9,0,86,1,1,1,0,0,370,357,47
5,1991,3,237,31,13,5,0,0,86,114,37,5,1,0,5,1,5,0,132,2,206,0,0,0,0,4,2,46,0,8,0,124,1,3,0,0,1,548,470,61
5,1991,4,198,37,13,8,0,0,79,102,30,7,0,1,4,3,9,0,146,0,171,1,0,0,0,0,6,33,0,9,0,141,0,5,0,0,0,516,429,53
5,1991,5,224,40,16,4,0,0,105,111,40,5,0,1,2,1,9,1,127,0,165,0,0,0,0,0,5,46,1,4,0,128,0,6,0,1,0,547,443,67
5,1991,6,181,69,16,7,0,0,102,84,22,2,1,1,2,1,10,0,170,0,173,0,0,0,0,0,3,58,0,0,0,138,0,0,2,0,0,501,503,77
5,1991,7,194,102,26,6,0,0,134,120,28,6,1,0,5,4,15,2,173,1,171,1,0,0,0,0,7,57,0,2,0,146,0,3,1,2,0,596,535,91
5,1991,8,181,122,27,9,0,0,107,118,45,2,1,0,0,4,19,0,174,0,158,0,0,0,0,0,8,66,2,8,0,171,0,8,0,0,1,646,505,101
5,1991,9,268,74,23,5,0,0,102,103,25,20,0,0,2,1,6,0,129,0,143,0,0,0,0,0,4,42,1,2,0,138,0,4,0,0,1,613,416,69
5,1991,10,220,54,19,14,0,0,90,124,38,10,1,1,4,2,11,0,145,0,159,1,0,0,0,0,0,50,0,5,0,134,1,7,0,0,0,584,444,70
5,1991,11,97,42,10,12,0,0,94,113,32,10,0,0,4,2,5,0,134,0,180,0,0,0,0,0,3,56,0,1,0,114,0,5,0,0,0,410,464,69
5,1991,12,133,60,19,10,0,1,132,84,27,5,1,1,4,2,8,0,137,0,162,1,0,0,0,0,5,48,0,2,0,100,0,7,1,0,0,414,479,73
5,1992,1,143,59,5,6,0,0,110,110,22,4,0,0,1,2,8,0,135,0,187,1,0,0,0,0,2,49,0,1,0,122,0,1,1,0,1,462,481,57
5,1992,2,143,62,10,7,0,0,93,123,44,3,1,0,8,3,10,1,139,1,177,1,0,0,0,0,3,47,0,3,0,112,0,3,1,0,2,491,456,61
5,1992,3,193,46,14,5,0,0,88,98,36,1,0,1,1,2,7,0,138,0,192,1,0,0,0,0,11,37,0,4,0,132,0,4,1,0,0,510,455,63
5,1992,4,214,84,15,8,0,0,55,128,32,9,0,2,0,0,5,0,132,0,154,1,0,0,0,0,2,57,0,3,0,115,0,4,0,0,0,581,398,75
5,1992,5,161,129,23,7,0,1,97,118,37,5,1,0,3,1,7,2,139,1,160,1,0,0,0,0,4,56,0,6,0,194,1,4,1,0,0,646,452,84
5,1992,6,196,124,18,14,0,0,105,141,38,7,0,1,8,1,14,0,139,0,158,1,0,0,0,0,4,51,0,1,0,171,1,1,0,0,0,684,453,74
5,1992,7,168,106,18,6,0,0,102,129,43,5,2,1,4,0,11,0,133,0,148,0,0,0,0,1,8,51,0,5,0,154,0,5,2,1,1,606,434,77
5,1992,8,204,88,20,7,0,0,119,149,45,6,1,0,4,1,13,0,142,8,141,0,0,0,0,3,7,61,0,6,0,183,0,4,4,1,1,676,463,88
5,1992,9,153,116,24,8,0,1,90,140,45,5,0,2,6,6,14,0,112,5,128,0,0,0,0,1,7,46,0,10,0,183,2,10,1,0,2,645,376,77
5,1992,10,151,156,23,8,0,2,101,182,51,13,0,0,4,6,10,0,149,1,168,1,0,0,0,0,2,58,0,7,0,184,5,2,4,1,3,732,476,84
5,1992,11,48,103,30,6,0,0,84,215,53,6,0,1,7,1,10,0,118,0,150,0,0,0,0,0,4,65,0,7,0,195,2,4,0,0,2,620,417,99
5,1992,12,102,192,25,8,0,0,86,204,36,2,0,2,5,2,11,0,128,0,161,2,0,0,0,0,4,89,0,6,0,203,7,6,0,0,5,745,464,120
5,1993,1,100,189,33,12,0,0,83,219,39,2,0,1,4,5,13,0,149,1,155,3,0,0,0,0,4,68,0,6,0,204,9,8,0,1,3,763,455,108
5,1993,2,67,139,21,11,0,0,63,149,46,5,1,1,4,3,8,0,116,1,121,0,0,0,0,0,6,68,0,12,0,180,8,8,0,1,5,592,368,95
5,1993,3,121,138,15,8,0,1,68,179,65,4,0,1,8,4,4,0,141,0,129,1,0,0,0,0,3,43,0,8,0,180,2,6,0,1,1,691,381,62
5,1993,4,120,94,15,6,0,0,78,173,33,3,0,1,5,7,6,0,118,0,129,0,0,0,0,0,0,24,0,3,0,177,8,6,0,0,1,603,349,39
5,1993,5,108,169,23,19,0,0,98,196,47,1,1,0,6,6,11,0,165,0,211,0,0,0,0,0,3,38,0,13,0,203,8,7,0,0,4,742,512,64
5,1993,6,120,252,20,6,0,0,121,165,64,9,0,1,13,9,6,0,152,1,157,0,0,0,0,1,3,55,0,6,0,221,3,6,1,0,4,828,485,78
5,1993,7,99,167,17,9,0,1,92,173,35,20,1,1,4,4,9,0,144,2,159,1,0,0,0,0,2,35,0,7,0,178,2,19,3,3,1,661,430,55
5,1993,8,102,177,18,12,0,0,69,173,32,9,0,1,1,3,10,0,189,0,131,3,0,0,0,1,5,29,0,3,0,219,5,22,0,0,3,715,418,55
5,1993,9,108,178,23,4,0,1,62,160,40,17,0,1,5,4,10,0,153,1,140,1,0,1,0,0,7,35,0,5,0,166,4,9,1,0,2,656,390,66
5,1993,10,110,179,23,10,0,3,99,195,47,10,0,1,5,3,9,0,141,0,163,1,0,0,0,0,1,36,0,4,0,175,4,7,1,0,2,716,439,61
5,1993,11,68,139,17,2,0,1,78,201,37,14,0,1,8,2,12,0,147,1,137,2,0,0,0,0,2,46,1,9,0,154,6,10,1,0,7,601,408,67
5,1993,12,71,138,16,8,0,1,64,168,28,5,0,2,7,3,10,0,134,0,150,1,0,0,0,0,7,49,2,6,0,161,2,5,0,0,0,574,397,73
5,1994,1,20,58,11,12,0,0,72,119,50,12,0,1,6,4,9,0,111,0,81,2,0,0,0,0,10,34,0,10,1,163,2,11,2,0,2,422,298,57
5,1994,2,63,109,19,4,0,0,53,140,54,5,3,0,7,3,9,0,110,0,95,0,0,0,0,0,2,40,0,5,0,145,6,6,0,1,2,515,298,61
5,1994,3,78,139,23,5,0,0,64,143,49,9,0,1,10,1,12,0,111,1,121,3,0,0,0,0,4,32,0,9,0,176,6,8,1,0,1,590,328,62
5,1994,4,95,157,19,3,0,0,79,156,37,10,0,1,1,4,9,0,128,0,138,2,0,0,0,0,5,34,1,7,1,164,7,13,0,2,2,612,379,60
5,1994,5,60,142,17,2,0,1,101,202,46,8,1,2,7,5,10,0,183,0,124,0,0,0,0,0,4,32,1,10,0,178,8,10,2,3,3,630,440,53
5,1994,6,70,114,11,5,0,1,88,141,44,13,0,2,11,5,9,0,156,0,138,0,0,0,0,0,2,23,0,2,0,182,8,12,0,4,1,556,405,36
5,1994,7,61,136,15,3,0,0,76,145,43,8,0,1,6,5,19,0,182,0,158,1,0,0,0,0,3,47,0,15,0,186,9,20,0,0,4,574,463,66
5,1994,8,85,175,21,4,0,1,106,163,45,10,1,0,5,5,10,0,173,1,152,0,0,0,0,1,4,44,0,13,0,156,2,11,1,0,2,628,475,69
5,1994,9,94,153,17,8,0,0,77,159,43,9,3,1,4,3,15,0,156,2,132,2,0,0,0,0,3,48,0,6,0,161,9,15,1,0,3,618,413,70
5,1994,10,98,138,14,8,0,0,58,195,46,10,0,0,10,3,6,0,137,1,149,0,0,0,0,0,1,35,0,2,0,175,8,12,2,3,1,660,379,50
5,1994,11,57,102,15,7,0,2,75,169,37,21,0,0,6,8,11,0,150,1,147,0,0,0,0,0,9,34,0,20,0,141,11,19,1,0,2,513,406,58
5,1994,12,76,83,13,2,0,0,65,121,53,10,1,0,6,8,10,0,134,0,112,0,0,0,0,0,4,44,1,10,1,126,8,10,3,1,2,461,355,61
5,1995,1,59,83,9,5,0,0,62,103,30,11,2,1,9,3,10,0,120,0,100,0,0,0,0,0,4,38,0,9,1,120,5,10,2,1,1,400,320,51
5,1995,2,77,51,8,6,0,0,45,87,40,11,3,0,6,13,19,0,116,1,61,1,0,0,0,0,5,35,0,5,0,124,4,6,1,0,2,385,257,49
5,1995,3,71,107,24,11,0,0,69,127,38,16,1,0,12,5,21,1,130,4,90,1,0,0,0,2,4,45,0,7,0,143,4,14,2,0,3,497,334,74
5,1995,4,90,99,11,2,0,1,69,108,38,14,0,0,5,5,10,0,101,0,101,2,0,0,0,1,3,48,0,11,0,158,1,9,1,0,1,495,319,64
5,1995,5,71,111,18,5,0,0,59,110,38,5,0,0,7,7,16,1,109,0,101,1,0,0,0,0,9,28,0,14,0,136,5,9,0,0,1,471,297,56
5,1995,6,77,165,23,9,0,0,50,151,49,10,0,0,14,5,13,0,161,0,109,1,0,0,0,0,3,39,1,11,0,180,3,11,2,0,3,631,359,66
5,1995,7,71,176,24,11,0,1,51,135,33,9,0,2,7,5,7,0,153,0,121,1,0,0,0,0,9,34,0,9,0,160,6,13,2,2,1,586,359,68
5,1995,8,62,131,10,5,0,1,85,130,41,15,1,4,8,8,11,0,156,0,119,3,0,0,0,0,6,23,0,8,0,149,5,11,1,0,4,518,383,42
5,1995,9,72,99,16,5,0,0,56,131,33,8,1,0,6,5,9,0,124,0,101,2,0,0,0,0,4,30,0,7,0,137,5,11,0,1,0,477,311,52
5,1995,10,80,82,15,3,0,0,124,102,35,7,0,1,10,6,18,0,123,1,103,1,0,0,0,0,7,33,0,8,0,125,3,4,1,0,1,427,383,56
5,1995,11,51,89,15,1,0,0,57,105,32,5,1,1,7,3,11,0,102,0,75,0,0,0,0,0,3,37,0,15,1,134,7,19,0,1,3,412,271,55
5,1995,12,28,48,14,1,0,0,63,61,33,0,0,2,10,7,9,0,101,0,76,1,0,0,0,0,1,37,0,5,0,113,3,3,0,0,1,284,277,53
5,1996,1,35,72,10,5,0,0,27,69,36,9,1,0,6,4,16,0,87,0,85,0,0,0,0,0,2,29,0,5,0,129,7,12,1,0,3,346,228,41
5,1996,2,64,77,16,8,0,0,46,84,27,10,1,1,3,6,21,0,97,0,74,0,0,0,0,0,0,24,0,4,0,109,6,7,0,0,0,369,241,40
5,1996,3,43,105,15,7,0,1,56,69,34,7,0,0,6,9,9,0,90,0,77,0,0,0,0,0,4,29,1,3,0,124,4,8,0,0,0,382,252,48
5,1996,4,53,95,12,8,0,1,45,104,23,8,0,0,3,5,16,0,91,1,77,1,0,0,0,0,0,23,0,2,0,134,6,10,0,2,1,417,236,36
5,1996,5,53,129,11,2,0,0,32,73,21,4,0,0,4,6,21,0,114,0,72,2,0,0,0,0,4,28,0,9,0,115,4,9,0,1,1,393,246,45
5,1996,6,65,124,10,6,0,0,38,71,27,3,0,1,7,9,12,0,140,0,92,0,0,0,0,0,7,25,0,10,0,105,5,7,0,0,2,398,295,42
5,1996,7,66,79,12,6,0,0,47,90,20,2,0,0,6,8,17,0,117,0,70,1,0,0,0,0,2,28,0,7,0,107,4,7,1,1,0,368,262,43
5,1996,8,59,91,10,5,0,0,44,83,39,7,2,0,7,8,16,0,123,0,73,2,0,0,0,1,4,30,0,8,0,123,10,6,0,1,8,400,270,46
5,1996,9,43,114,17,4,0,1,54,63,17,2,1,1,4,5,5,0,102,0,90,2,0,1,0,0,6,21,0,4,0,112,5,10,0,0,3,353,267,46
5,1996,10,52,115,12,6,0,0,61,115,27,9,0,1,6,3,12,0,99,1,99,2,0,0,0,1,3,16,0,9,0,115,8,17,1,1,3,430,275,33
5,1996,11,48,105,11,2,0,0,44,83,21,2,1,2,6,4,10,0,98,0,61,2,0,0,0,0,2,23,0,2,0,72,3,10,1,0,2,331,226,38
5,1996,12,41,125,16,4,0,0,49,78,31,3,0,0,5,12,11,0,110,0,70,1,0,0,0,0,6,29,1,4,0,93,4,13,1,1,1,372,258,52
5,1997,1,40,111,10,4,0,2,47,86,26,10,1,0,4,6,20,0,117,0,65,1,0,0,0,0,0,24,0,8,0,106,3,12,1,1,3,373,253,35
5,1997,2,68,67,10,5,0,1,30,79,25,8,1,1,8,18,16,0,99,0,62,2,0,1,0,0,4,17,1,5,1,82,7,5,0,0,1,326,208,33
5,1997,3,52,96,15,5,0,0,56,121,40,9,1,1,10,6,8,0,135,0,80,0,0,0,0,0,8,22,0,8,0,133,5,4,1,2,1,447,293,45
5,1997,4,55,86,15,3,0,0,56,128,39,7,1,1,12,7,10,0,147,1,95,0,0,0,0,0,4,25,0,8,0,124,3,9,1,0,2,435,323,44
5,1997,5,55,78,14,3,0,1,46,124,43,6,1,2,4,5,13,0,146,0,69,0,0,0,0,0,3,16,0,8,0,143,4,13,0,0,3,446,277,33
5,1997,6,71,114,18,11,0,0,52,124,40,4,0,0,6,16,21,0,174,2,97,1,0,1,0,0,9,29,0,17,1,155,0,14,0,0,1,515,352,57
5,1997,7,69,87,18,5,0,1,66,154,36,8,0,1,10,6,17,0,186,0,72,1,1,0,0,0,4,22,0,13,0,117,3,13,0,1,2,468,346,45
5,1997,8,58,93,15,6,0,0,53,131,36,6,0,3,5,13,19,0,145,0,77,2,0,0,0,0,5,24,0,9,0,115,5,6,1,1,2,439,299,46
5,1997,9,59,114,14,5,0,1,56,89,33,8,1,1,6,7,12,0,143,3,102,2,0,0,0,0,3,19,0,3,0,103,3,16,0,1,1,403,320,38
5,1997,10,53,82,11,2,0,1,61,116,44,14,2,4,8,10,17,0,130,0,102,0,0,0,0,0,1,12,1,10,0,144,8,12,2,1,3,441,305,24
5,1997,11,50,45,14,4,0,2,60,110,40,5,1,3,7,10,15,0,127,0,98,1,0,0,0,0,3,27,0,8,0,125,6,15,2,0,0,374,312,45
5,1997,12,56,60,20,1,0,0,66,132,26,11,0,0,7,5,16,0,140,0,81,1,0,0,0,0,0,22,1,4,0,105,2,12,0,0,1,380,309,43
5,1998,1,70,101,13,4,0,0,99,169,27,18,0,1,13,20,15,0,161,0,100,0,0,0,0,0,4,24,0,5,1,126,5,12,0,1,2,497,384,41
5,1998,2,58,72,14,5,0,1,60,117,45,12,2,2,14,18,19,0,135,1,95,1,0,1,0,0,2,25,0,4,1,98,7,7,0,0,5,395,315,42
5,1998,3,88,59,9,3,0,1,45,114,40,25,5,0,8,8,13,0,143,0,71,3,0,0,0,0,0,15,0,1,0,127,3,6,0,1,6,431,274,27
5,1998,4,64,62,18,3,0,0,59,115,41,5,1,5,13,9,16,0,132,1,73,0,0,1,0,1,3,24,0,7,0,152,5,11,0,0,0,437,288,45
5,1998,5,113,106,20,3,0,0,82,150,34,20,3,6,12,12,26,0,155,0,64,1,0,0,0,1,4,24,0,6,0,146,6,13,0,1,4,552,325,49
5,1998,6,77,120,22,2,0,0,76,114,41,7,1,0,6,16,23,0,147,2,87,1,0,2,0,0,5,26,1,12,0,160,2,14,0,2,0,514,336,54
5,1998,7,77,105,24,7,0,1,114,132,29,8,0,1,8,9,12,0,156,0,89,0,0,0,0,0,2,32,0,2,0,129,8,15,0,2,0,479,391,58
5,1998,8,79,97,19,4,0,0,105,112,26,10,2,4,8,27,18,0,178,0,89,0,0,0,0,0,4,31,0,7,0,134,6,10,2,1,2,452,403,54
5,1998,9,92,110,9,1,0,1,69,111,28,11,2,3,10,13,16,0,158,0,108,0,0,0,0,0,6,24,0,11,0,128,5,11,0,1,1,470,359,39
5,1998,10,91,121,22,4,0,1,74,131,44,11,2,2,11,8,20,0,142,4,121,0,0,0,0,1,4,24,0,8,0,120,8,12,1,1,3,511,361,50
5,1998,11,66,108,16,4,0,2,68,93,35,5,1,3,4,5,14,0,119,1,73,0,0,0,0,0,1,30,0,6,0,94,8,7,1,0,2,400,290,47
5,1998,12,66,107,17,1,0,0,54,116,35,17,3,2,6,5,15,0,130,0,95,1,0,0,0,1,4,25,0,4,0,105,4,9,1,0,3,430,304,47
5,1999,1,51,81,12,5,0,0,59,73,22,10,3,2,9,7,11,0,132,0,101,1,0,3,0,0,1,30,0,1,0,89,10,10,3,0,2,321,322,44
5,1999,2,97,72,8,4,0,1,50,77,28,14,3,0,12,3,9,0,114,0,82,1,0,3,0,0,1,16,0,4,0,113,5,7,1,0,3,391,262,26
5,1999,3,89,75,9,2,0,0,61,82,43,40,10,1,8,8,13,0,124,2,94,1,0,1,0,1,3,23,1,3,0,134,8,6,1,0,2,425,302,36
5,1999,4,75,60,13,1,0,0,44,74,36,44,8,1,12,12,7,0,119,3,102,1,0,1,0,3,2,17,1,4,0,128,10,4,2,2,2,374,282,33
5,1999,5,80,138,19,2,0,0,57,75,27,20,4,3,4,6,22,0,164,1,133,2,0,3,0,0,3,18,0,7,0,135,6,8,1,0,1,457,372,42
5,1999,6,82,136,16,8,0,0,59,77,55,17,2,0,5,5,17,0,179,0,116,0,0,1,0,0,11,15,0,13,0,112,11,7,0,0,0,470,369,42
5,1999,7,80,106,20,4,0,0,41,83,38,9,1,3,9,5,22,0,167,0,86,1,0,0,0,0,3,21,0,7,0,104,8,11,1,0,3,415,315,45
5,1999,8,80,124,17,4,0,1,73,83,51,17,0,0,8,5,21,0,175,0,102,1,0,1,0,1,4,21,0,9,0,104,6,14,0,0,1,446,371,43
5,1999,9,69,86,20,0,0,0,64,90,34,4,2,1,6,2,15,1,199,3,93,2,0,1,0,0,3,13,0,7,0,107,5,11,0,1,2,386,369,38
5,1999,10,46,150,21,2,0,0,58,96,33,21,3,3,5,11,20,1,227,1,118,4,0,2,0,1,4,30,0,6,0,115,4,6,1,0,1,442,433,59
5,1999,11,93,59,12,3,0,0,57,91,22,17,1,4,11,8,29,0,190,2,76,1,0,1,0,1,3,32,1,2,0,90,9,6,0,2,8,357.8143015,355,48
5,1999,12,95,63,8,0,0,1,63,131,32,39,4,4,12,13,20,1,157,0,63,1,0,4,0,1,3,34,0,10,0,146,7,6,0,0,5,467.3570364,317,46
5,2000,1,53,66,41,6,0,0,98,162,66,77,15,2,14,20,29,0,201,27,77,0,0,1,0,5,4,44,0,7,0,254,15,16,3,0,11,607,420,89
5,2000,2,56,47,19,5,0,0,73,128,65,71,17,1,16,14,28,0,173,4,61,1,0,1,0,6,3,32,0,12,0,251,12,23,4,1,7,552,339,55
5,2000,3,81,48,24,0,0,0,80,143,50,70,9,5,17,10,25,1,148,11,71,0,0,1,0,6,4,18,0,12,0,198,13,19,3,1,6,520,317,46
5,2000,4,54,46,15,6,0,0,86,136,75,56,10,0,14,10,21,0,145,12,88,0,1,2,0,3,2,28,1,12,0,210,11,18,6,0,3,527,347,45
5,2000,5,45,51,20,5,0,0,65,149,38,57,9,2,22,12,22,0,155,9,73,0,0,0,0,4,2,24,0,5,0,268,20,15,2,0,10,556,317,46
5,2000,6,70,62,25,4,0,0,78,147,73,70,12,2,13,20,29,0,183,4,97,1,0,1,0,2,4,28,0,12,0,230,10,10,6,1,3,586,386,58
5,2000,7,49,72,24,3,0,0,85,157,64,53,10,2,13,18,22,1,191,12,99,1,0,2,0,2,7,44,0,11,0,186,18,27,7,0,7,531,419,76
5,2000,8,101,90,23,6,0,0,78,144,54,50,2,2,17,12,28,2,168,6,65,1,0,0,0,5,0,22,0,8,0,191,10,11,4,0,7,586,333,46
5,2000,9,56,73,22,8,0,0,67,131,50,66,6,2,3,8,16,0,158,3,90,2,0,0,0,4,5,21,0,12,0,177,13,6,1,1,12,495,336,50
5,2000,10,53,88,22,14,0,0,72,159,55,50,4,2,7,16,16,0,176,1,63,0,0,1,0,4,2,20,0,4,0,196,9,15,0,4,6,565,331,44
5,2000,11,40,68,26,0,0,1,79,127,44,35,5,1,8,18,23,0,136,2,60,1,0,1,0,1,2,26,0,3,0,178,13,5,0,2,4,457,301,55
5,2000,12,29,55,18,4,0,0,83,63,26,40,3,3,3,3,16,1,88,3,78,1,0,1,0,6,0,20,0,2,0,139,7,4,1,0,7,316,269,39
5,2001,1,36,76,20,0,0,0,77,134,50,41,6,0,11,10,16,0,135,2,87,0,0,2,0,4,2,25,0,8,1,173,6,10,1,0,13,469,324,47
5,2001,2,39,51,10,1,0,0,55,93,44,61,3,1,13,11,15,1,116,3,61,0,0,0,0,1,2,15,0,5,0,163,2,13,2,0,12,391,247,27
5,2001,3,57,45,18,1,0,1,64,130,41,49,5,3,12,21,24,0,143,1,97,1,0,2,0,7,0,22,1,2,0,200,9,23,6,0,11,474,326,41
5,2001,4,68,64,18,0,0,0,46,156,54,65,2,0,12,9,25,1,143,1,82,2,0,0,0,5,4,9,0,7,0,257,6,23,0,1,11,599,280,33
5,2001,5,64,76,23,2,0,2,60,144,43,67,5,2,12,15,26,0,140,2,72,0,0,4,0,5,2,22,0,8,0,283,5,21,3,4,15,612,294,47
5,2001,6,74,93,35,6,0,2,42,151,59,67,4,1,18,12,21,1,140,1,97,1,0,1,0,10,3,20,0,10,0,286,4,27,4,2,9,669,299,59
5,2001,7,57,73,22,9,0,1,81,154,62,78,7,0,8,7,25,0,143,0,101,1,0,2,0,4,4,19,0,14,0,252,7,22,2,2,13,607,344,46
5,2001,8,66,60,18,2,0,3,64,129,34,117,5,1,11,16,23,2,152,8,76,0,0,2,0,3,5,22,0,8,0,246,7,22,3,0,23,537,314,45
5,2001,9,55,33,20,4,0,1,63,139,37,112,3,2,23,11,25,3,158,1,53,0,0,1,0,3,3,19,0,10,0,224,9,14,0,0,13,492,293,42
5,2001,10,56,51,32,3,0,2,70,153,46,70,7,2,16,9,15,0,133,3,79,0,0,1,0,6,3,14,0,3,0,239,1,28,0,2,11,548,296,49
5,2001,11,39,56,24,5,0,3,67,116,27,60,4,1,17,6,18,2,113,2,52,0,0,1,0,6,2,24,0,8,0,212,4,22,3,1,15,455,256,50
5,2001,12,34,57,24,3,0,2,78,108,42,93,5,0,14,15,16,2,123,0,55,0,0,0,0,5,3,25,0,3,0,166,7,16,7,0,11,410,281,52
6,1990,1,22,3,2,6,0,0,127,199,46,5,0,0,2,3,9,0,210,1,288,0,0,0,0,2,1,34,0,4,0,78,8,1,0,0,0,354,659,37
6,1990,2,36,3,5,4,0,0,76,197,51,1,0,0,1,1,7,0,208,3,244,0,0,0,0,0,4,23,1,7,0,43,4,2,0,0,1,334,551,32
6,1990,3,23,9,8,2,0,0,108,135,37,2,0,0,2,1,11,0,190,12,232,0,0,0,0,1,1,18,2,4,0,58,8,2,7,0,0,264,548,27
6,1990,4,28,,5,2,0,0,80,124,52,2,0,1,5,0,14,0,172,14,195,0,0,0,0,17,4,24,0,7,0,82,1,4,4,1,1,288,471,33
6,1990,5,37,12,9,2,0,0,67,110,47,5,0,0,3,3,20,0,163,7,177,0,0,0,0,2,1,18,0,4,0,77,4,2,2,1,0,285,425,28
6,1990,6,22,6,7,3,0,0,97,117,45,1,1,0,1,0,14,0,133,3,177,0,0,0,0,15,3,24,0,11,0,75,1,2,1,1,3,268,431,34
6,1990,7,27,11,7,5,0,0,113,117,45,4,0,0,3,1,18,0,197,3,199,0,0,0,0,10,5,16,0,3,0,55,1,2,6,0,0,260,525,28
6,1990,8,20,8,8,0,0,1,120,152,42,4,1,0,1,7,9,0,196,0,260,0,0,0,0,4,1,17,0,4,0,60,3,3,4,2,0,282,593,26
6,1990,9,12,10,9,3,0,0,117,95,34,1,0,0,6,1,6,0,142,0,181,0,0,0,0,2,3,24,0,3,0,73,2,1,4,0,1,227,464,36
6,1990,10,20,13,8,3,0,1,102,121,30,2,0,0,0,0,13,0,191,1,224,0,0,0,0,9,4,21,1,7,0,78,1,4,2,0,0,265,538,33
6,1990,11,20,7,11,4,0,0,97,134,18,4,3,1,0,3,16,0,187,1,251,0,0,0,0,6,3,28,1,5,0,49,2,2,4,0,1,232,563,42
6,1990,12,18,10,8,4,0,0,66,119,29,3,0,0,3,1,13,0,234,0,303,0,0,0,0,7,2,24,1,1,0,66,0,1,4,0,0,246,627,34
6,1991,1,24,10,1,1,0,0,80,93,29,0,1,0,4,1,3,0,159,1,253,0,0,0,0,6,3,30,1,0,0,62,1,2,1,1,0,219,522,34
6,1991,2,15,8,3,4,0,0,54,92,29,0,0,0,2,0,7,0,212,0,149,0,0,0,0,14,2,22,0,0,0,52,0,1,1,2,1,200,437,27
6,1991,3,28,6,1,3,0,0,80,94,34,0,1,1,3,1,7,0,204,0,242,0,0,0,0,11,2,29,0,4,0,52,0,5,1,0,0,217,555,32
6,1991,4,40,14,6,3,0,0,91,116,27,2,0,0,0,1,5,0,201,0,278,0,0,0,0,0,3,25,0,4,0,66,0,3,1,0,0,266,595,34
6,1991,5,35,7,2,6,0,0,156,84,37,4,0,1,0,1,4,0,171,0,229,0,0,0,0,0,5,12,0,7,0,65,0,3,0,1,0,234,568,19
6,1991,6,32,18,2,5,0,0,119,76,36,0,0,0,0,1,9,0,183,0,193,0,0,0,0,0,2,26,0,0,0,94,1,0,2,1,0,261,521,30
6,1991,7,38,12,7,9,0,0,107,100,27,7,0,1,2,1,15,0,240,0,250,0,0,0,0,0,2,36,1,8,0,45,0,3,4,0,0,231,633,45
6,1991,8,25,15,3,6,0,0,129,90,35,0,0,1,0,1,6,0,243,0,267,1,0,0,0,0,3,28,0,3,0,71,1,4,5,1,0,242,667,35
6,1991,9,34,19,7,2,0,0,134,79,29,0,1,1,2,3,11,0,241,0,216,0,1,0,0,0,1,30,0,3,0,68,0,5,3,2,0,231,621,38
6,1991,10,23,19,7,5,0,0,141,140,18,0,0,0,0,0,18,0,232,0,192,0,0,0,0,0,2,22,0,5,0,68,0,1,2,1,0,273,587,31
6,1991,11,15,9,6,7,0,0,85,89,29,3,0,2,1,2,10,0,215,0,174,0,0,0,0,0,1,23,0,2,0,63,0,2,5,0,0,212,497,30
6,1991,12,19,10,2,3,0,0,63,112,22,2,2,1,0,2,8,0,164,0,138,0,0,0,0,0,5,48,0,2,0,49,0,0,0,0,0,215,413,55
6,1992,1,23,9,0,2,0,0,89,94,26,0,0,1,0,1,10,0,140,0,157,0,0,0,0,0,1,31,0,5,0,50,0,2,0,0,0,204,417,32
6,1992,2,40,12,3,2,0,0,80,122,44,5,0,1,0,0,8,0,196,0,186,0,0,0,0,0,4,28,0,4,0,77,0,2,3,0,0,297,490,35
6,1992,3,39,12,7,0,0,0,77,101,23,0,0,0,0,0,3,0,141,0,163,0,0,0,0,0,2,41,0,2,0,70,0,4,1,0,0,245,422,50
6,1992,4,36,12,3,2,0,0,80,100,34,1,1,3,1,1,5,0,159,0,184,0,0,0,0,0,3,22,0,5,0,66,0,5,0,1,0,250,445,28
6,1992,5,36,36,3,4,0,0,92,124,42,2,0,0,3,2,10,0,193,0,227,2,0,0,0,0,2,22,0,7,0,81,0,2,2,3,1,323,534,29
6,1992,6,39,28,1,4,0,0,106,127,32,2,0,0,0,1,10,0,166,0,214,0,0,0,0,0,3,28,0,1,0,60,1,0,3,1,0,290,514,32
6,1992,7,40,38,7,3,0,0,102,85,25,4,0,0,2,1,17,0,213,0,215,1,0,0,0,1,2,27,0,4,0,67,1,1,2,1,0,258,557,37
6,1992,8,39,41,0,6,0,0,93,118,33,4,1,0,0,4,9,0,174,0,234,0,0,0,0,4,4,44,0,5,0,71,1,2,4,0,1,308,545,48
6,1992,9,31,33,4,3,0,0,63,160,36,3,0,0,3,4,13,1,178,0,216,2,0,0,0,5,2,19,0,8,0,101,2,3,0,0,1,364,476,27
6,1992,10,40,41,11,4,0,0,66,214,40,5,0,0,1,3,15,0,215,0,193,0,0,0,0,1,2,46,0,4,0,109,2,6,0,0,2,448,520,59
6,1992,11,3,17,5,4,0,0,73,214,37,2,0,0,1,4,15,0,221,1,179,0,0,0,0,2,4,29,0,7,0,68,5,5,2,0,0,343,502,38
6,1992,12,36,54,2,1,0,0,94,194,25,0,0,0,0,0,16,0,166,0,173,0,0,0,0,0,1,43,0,3,0,80,2,2,1,1,1,390,476,46
6,1993,1,42,47,5,3,0,1,72,228,30,7,0,1,0,4,24,0,180,1,226,0,0,0,0,0,2,41,0,2,0,108,8,2,0,9,0,458,519,48
6,1993,2,28,35,5,9,0,0,53,170,32,4,0,0,2,2,16,0,155,1,153,0,0,0,0,0,5,26,0,6,0,78,4,5,3,0,1,352,387,36
6,1993,3,34,42,6,3,0,0,68,158,31,0,0,0,2,2,10,0,166,0,163,0,0,0,0,0,4,42,0,6,0,115,6,2,2,0,1,383,439,52
6,1993,4,18,51,8,4,0,1,69,156,41,2,0,0,4,5,9,0,158,0,144,1,0,0,0,0,2,33,0,8,0,93,1,5,1,4,1,363,404,44
6,1993,5,29,55,5,4,0,0,66,164,35,3,0,0,1,3,11,0,193,0,119,0,0,0,0,0,3,18,0,8,0,98,5,6,0,0,0,385,396,26
6,1993,6,20,48,5,3,0,0,89,150,38,7,0,1,1,2,6,0,151,0,141,0,0,0,0,0,4,21,0,10,0,94,3,10,5,0,0,353,402,30
6,1993,7,22,81,5,1,0,0,57,152,23,4,1,2,0,6,11,0,237,0,140,0,0,0,0,0,3,29,0,6,0,104,0,4,1,0,1,383,463,37
6,1993,8,19,48,8,2,0,0,96,179,32,2,0,3,1,6,20,0,247,0,157,0,0,0,0,0,0,21,0,11,0,102,8,8,4,0,2,382,521,29
6,1993,9,23,71,10,4,0,0,73,167,29,6,2,2,4,4,12,0,220,1,196,0,0,0,0,0,3,35,0,3,0,94,9,11,0,3,1,388,524,48
6,1993,10,22,47,7,6,0,0,67,180,44,2,1,1,4,2,20,0,186,0,178,0,0,0,0,0,2,20,0,7,0,100,3,7,3,1,2,399,451,29
6,1993,11,12,27,8,0,0,0,54,144,35,2,0,0,1,5,6,0,160,0,159,0,0,0,0,0,1,29,0,2,0,85,5,4,1,0,0,303,402,38
6,1993,12,17,39,3,4,0,0,83,190,35,4,0,0,1,1,6,0,216,0,176,1,0,0,0,0,0,40,0,1,0,81,5,10,1,1,0,366,515,44
6,1994,1,4,8,4,3,0,0,74,136,46,5,2,1,2,5,7,1,155,0,100,0,0,0,0,0,1,18,0,6,0,103,4,3,2,0,0,300,347,23
6,1994,2,10,27,9,3,0,0,50,159,36,2,0,2,2,4,7,0,161,0,115,0,0,0,0,0,1,17,0,6,0,59,4,3,1,0,1,294,343,27
6,1994,3,19,41,9,2,0,0,59,166,43,0,0,0,2,2,3,0,177,0,116,0,0,0,0,0,2,18,0,5,0,87,4,12,1,0,1,358,370,29
6,1994,4,27,34,7,7,0,0,55,168,43,12,0,0,0,4,6,0,176,0,109,0,0,0,0,0,2,25,0,3,0,120,2,9,0,2,0,399,365,34
6,1994,5,26,29,5,1,0,1,54,172,39,7,1,0,5,4,14,0,204,1,149,1,0,0,0,0,3,21,0,3,0,118,5,5,3,2,3,385,428,30
6,1994,6,14,44,0,2,0,0,57,147,39,0,0,0,1,6,16,0,207,0,159,0,0,0,0,0,2,18,0,5,0,83,5,8,3,2,0,329,441,20
6,1994,7,21,41,7,4,0,0,56,148,41,4,0,0,6,4,16,0,200,1,139,1,0,1,0,0,1,26,0,10,0,120,7,10,4,0,1,375,421,35
6,1994,8,18,35,6,2,0,0,58,129,35,2,0,1,2,4,12,0,177,0,139,1,0,1,0,0,2,23,0,5,0,98,3,12,1,1,0,317,397,32
6,1994,9,18,27,2,1,0,0,64,133,27,6,0,1,1,3,18,0,179,0,147,0,0,0,0,0,0,27,0,7,0,70,4,7,1,1,0,276,417,29
6,1994,10,28,37,1,3,0,0,60,188,25,7,0,1,3,5,11,1,203,1,112,1,0,0,0,1,2,26,0,9,0,97,4,7,0,0,0,378,401,30
6,1994,11,16,39,2,3,0,0,72,180,30,3,1,0,4,3,12,0,157,0,133,0,0,0,0,0,4,24,1,13,0,85,6,7,0,1,1,353,386,30
6,1994,12,16,36,4,5,0,0,92,131,37,7,1,1,4,3,7,0,159,1,126,0,0,0,0,1,3,25,0,12,0,95,5,13,1,0,3,320,402,32
6,1995,1,15,33,3,1,0,1,63,113,30,3,0,3,5,6,14,0,152,1,68,0,0,0,0,1,4,20,0,11,0,76,4,6,2,2,0,268,303,27
6,1995,2,19,20,5,3,0,0,63,105,30,13,0,1,3,5,22,0,151,0,75,0,0,2,0,0,1,21,0,6,0,78,1,6,2,3,0,255,310,27
6,1995,3,28,16,4,5,0,0,81,145,48,7,0,1,2,2,19,0,189,3,69,0,0,0,0,2,0,24,0,6,0,74,2,13,1,0,0,316,363,28
6,1995,4,30,48,4,1,0,0,78,123,33,2,1,0,1,3,4,0,183,1,106,0,0,0,0,0,1,18,0,10,0,84,4,12,2,2,1,319,385,23
6,1995,5,29,22,2,1,0,0,63,161,42,4,2,0,0,4,5,0,223,0,74,0,0,0,0,0,2,23,0,5,0,84,8,8,2,0,0,339,383,27
6,1995,6,18,49,3,4,0,0,29,166,23,4,0,0,3,5,23,0,245,0,83,0,0,0,0,0,2,14,0,7,0,48,1,4,2,0,0,308,371,19
6,1995,7,19,57,3,3,0,0,65,115,36,2,0,2,3,2,18,0,235,0,108,0,0,0,0,2,4,23,0,3,0,88,3,12,2,2,0,318,431,30
6,1995,8,26,35,8,3,0,0,77,112,37,11,2,3,5,7,15,0,193,0,93,1,0,0,0,0,2,15,0,8,0,79,7,10,2,0,0,292,378,26
6,1995,9,19,25,8,1,0,0,53,86,37,3,1,0,4,4,7,0,138,1,77,1,0,0,0,0,3,12,0,4,0,82,1,6,1,1,0,250,280,24
6,1995,10,11,24,5,4,0,0,31,103,43,2,1,2,3,8,18,0,160,0,67,0,0,0,0,0,0,28,0,2,0,88,2,7,2,1,0,273,286,33
6,1995,11,19,23,1,0,0,0,42,88,38,3,1,0,2,4,27,0,123,0,63,0,0,0,0,0,0,12,0,3,0,71,5,9,0,0,0,239,240,13
6,1995,12,19,32,6,4,0,0,27,81,22,2,0,1,3,4,14,0,108,0,54,1,0,0,0,0,1,25,0,12,0,54,4,10,1,0,0,212,214,33
6,1996,1,9,24,1,3,0,0,25,78,27,3,0,0,6,4,15,0,99,0,44,0,0,0,0,0,2,15,0,7,1,58,2,4,0,1,0,199,183,18
6,1996,2,13,23,2,2,0,0,20,71,27,2,1,0,2,9,16,0,133,0,49,1,0,0,0,0,1,13,0,6,0,63,5,4,1,0,0,199,215,17
6,1996,3,14,14,6,3,0,0,35,81,30,2,1,2,5,9,15,0,137,0,59,1,0,0,0,0,1,16,0,4,0,68,6,5,3,0,0,210,247,24
6,1996,4,13,23,6,3,0,0,35,100,36,4,1,0,5,3,16,2,149,2,59,1,0,0,0,0,1,13,1,7,0,67,2,4,1,2,0,242,256,21
6,1996,5,31,29,9,4,0,0,58,75,33,2,0,0,0,5,14,1,137,0,56,0,0,0,0,1,1,6,0,6,0,69,6,7,0,0,2,241,257,16
6,1996,6,17,32,7,3,0,0,61,104,32,6,0,0,5,4,21,0,162,0,50,2,0,0,0,0,3,3,0,3,0,78,5,14,1,0,1,266,276,15
6,1996,7,19,33,1,6,0,0,45,79,25,4,0,2,1,12,25,0,185,0,44,0,0,0,0,0,1,8,0,6,0,49,4,7,0,0,0,211,282,10
6,1996,8,33,23,4,7,0,0,49,96,35,7,1,1,3,9,15,0,189,0,60,0,0,0,0,0,0,16,0,4,0,75,6,8,1,1,1,269,314,20
6,1996,9,24,23,2,5,0,0,41,73,26,10,0,2,3,10,21,0,166,0,47,0,0,0,0,0,0,13,0,3,0,69,2,10,3,2,1,220,267,15
6,1996,10,13,22,6,1,0,0,59,124,32,3,0,0,2,8,16,0,154,0,67,0,0,0,0,0,5,9,0,2,0,76,2,7,0,0,0,268,289,20
6,1996,11,12,21,2,4,0,0,31,94,24,3,0,0,2,2,13,0,133,0,46,0,0,0,0,0,1,8,0,6,0,67,4,7,2,0,2,222,218,11
6,1996,12,17,20,3,2,0,0,24,75,30,1,2,2,3,6,9,0,91,0,57,0,0,0,0,0,3,14,0,6,0,55,2,5,1,0,0,199,186,20
6,1997,1,17,36,1,3,0,0,33,78,32,7,2,1,2,6,26,0,127,1,55,0,0,0,0,0,1,11,0,2,0,50,4,6,0,0,0,216,226,13
6,1997,2,14,23,6,3,0,0,33,101,18,9,2,1,3,10,16,0,127,0,48,0,0,0,0,0,1,14,0,6,0,56,4,6,0,1,0,215,222,21
6,1997,3,23,29,1,2,0,0,36,120,23,4,0,1,2,3,10,0,146,0,58,1,0,0,0,0,1,12,0,6,0,66,1,5,1,1,0,263,252,15
6,1997,4,18,25,2,0,0,0,29,150,41,7,0,2,0,8,24,0,160,18,68,1,0,0,0,0,3,11,0,3,0,80,4,10,0,0,0,314,268,17
6,1997,5,14,23,7,1,0,0,47,136,36,5,3,3,2,8,19,0,193,0,67,0,0,0,0,0,2,15,0,9,0,79,3,11,2,0,1,289,322,24
6,1997,6,17,43,1,2,0,0,58,109,27,3,2,4,6,12,18,0,167,4,59,0,0,0,0,0,4,12,0,2,0,79,2,10,2,0,0,277,296,17
6,1997,7,20,31,1,1,0,0,55,104,29,6,0,1,2,6,20,0,187,0,60,0,0,0,0,0,0,19,0,11,0,75,1,10,1,0,0,260,321,20
6,1997,8,14,32,5,1,0,1,51,114,44,6,0,0,2,7,26,0,202,1,60,0,0,0,0,0,1,18,0,1,0,76,4,14,1,1,0,281,331,24
6,1997,9,22,29,4,0,0,0,52,129,33,12,0,5,3,10,18,0,190,0,70,0,0,0,0,0,4,16,0,4,0,63,3,9,1,0,0,276,328,24
6,1997,10,13,27,3,2,0,1,64,152,31,9,1,2,3,2,16,0,169,0,73,0,0,0,0,0,5,18,0,8,0,86,4,6,2,0,3,311,324,26
6,1997,11,11,7,5,1,0,1,64,96,41,6,0,2,8,7,19,0,137,0,56,0,0,0,0,0,2,16,0,4,0,76,6,5,2,0,1,232,273,23
6,1997,12,10,13,5,0,0,0,54,96,30,5,0,2,1,7,23,0,143,5,57,0,0,0,0,0,3,13,0,6,0,50,5,5,1,0,0,199,267,21
6,1998,1,19,22,6,1,0,0,66,111,22,4,0,1,4,7,23,2,146,0,62,0,0,0,0,0,1,9,0,3,0,46,3,4,1,0,0,221,283,16
6,1998,2,17,19,2,4,0,0,48,92,44,4,1,2,2,5,10,0,127,0,49,0,0,0,0,0,3,11,0,6,0,53,0,5,4,0,0,229,235,16
6,1998,3,27,17,7,3,0,0,55,95,25,9,4,1,2,8,14,0,159,1,47,0,0,0,0,0,7,7,0,13,0,54,7,11,3,0,1,221,268,21
6,1998,4,24,17,4,0,0,1,51,93,28,15,2,1,4,9,11,0,133,2,62,0,0,0,0,2,4,8,0,6,0,68,2,8,4,0,1,230,254,16
6,1998,5,26,20,7,2,0,0,78,111,27,9,3,4,5,5,13,0,146,0,44,0,0,0,0,0,3,15,0,2,0,82,2,10,2,1,1,268,283,25
6,1998,6,21,33,5,0,0,0,60,93,34,5,1,2,1,5,18,0,145,0,46,1,0,0,0,1,1,9,0,3,0,74,3,10,1,1,1,255,260,16
6,1998,7,32,44,12,1,0,0,82,113,39,10,2,2,4,4,10,0,177,0,55,1,0,2,0,1,0,17,0,0,0,83,3,6,3,1,1,312,331,30
6,1998,8,34,33,4,1,0,0,65,91,38,13,2,4,2,18,17,0,171,2,79,0,0,0,0,0,1,9,0,6,0,54,4,10,2,1,1,251,324,14
6,1998,9,26,15,3,0,0,0,66,91,33,4,0,1,1,8,15,0,145,1,69,0,0,0,0,1,2,11,0,6,0,69,7,7,3,0,0,234,291,16
6,1998,10,16,18,8,3,0,0,81,100,32,4,2,1,2,8,23,0,164,0,38,0,0,0,0,0,1,18,0,8,0,56,6,12,2,0,1,225,301,27
6,1998,11,16,31,5,0,0,1,46,96,33,9,2,0,3,8,9,0,136,0,54,0,0,0,0,0,2,17,0,5,0,50,1,10,2,0,0,226,253,24
6,1998,12,9,14,5,0,0,0,79,79,39,4,2,0,1,6,17,0,149,3,46,0,0,0,0,0,5,17,0,3,0,52,6,6,2,0,1,193,291,27
6,1999,1,18,22,8,1,0,1,59,87,25,9,1,1,0,5,20,1,139,3,49,0,0,0,0,1,2,19,1,6,0,64,3,5,2,0,2,217,266,29
6,1999,2,19,25,4,0,0,0,50,78,20,8,2,1,1,14,19,0,138,4,56,0,0,1,0,0,3,13,0,2,0,40,9,3,3,0,2,182,257,20
6,1999,3,19,24,8,2,0,0,73,83,30,16,5,1,2,14,20,2,115,1,49,0,0,0,0,2,2,14,0,12,0,56,6,6,0,0,1,214,251,24
6,1999,4,16,24,5,2,0,1,52,70,29,8,6,0,4,2,14,0,144,0,60,0,0,0,0,1,4,16,0,4,0,59,5,5,1,0,0,200,272,25
6,1999,5,21,33,4,3,0,1,41,81,26,10,2,2,3,6,19,0,168,0,66,1,0,0,0,0,1,24,1,3,0,59,8,8,1,0,0,223,299,30
6,1999,6,21,27,4,0,0,1,43,71,34,14,3,1,4,9,12,0,165,2,47,0,0,1,0,1,2,16,0,6,0,46,5,1,2,1,1,199,271,22
6,1999,7,19,19,3,1,0,1,36,69,23,9,1,3,1,1,14,0,173,1,73,0,0,0,0,0,1,12,0,3,0,37,7,2,0,0,0,168,294,16
6,1999,8,26,19,7,1,0,1,60,77,24,12,3,0,3,8,13,0,173,2,59,0,0,1,0,1,1,16,0,3,0,64,5,10,4,0,2,211,308,24
6,1999,9,15,19,7,1,0,0,50,98,36,5,0,0,3,8,14,0,233,0,74,0,0,0,0,0,1,13,0,1,0,77,5,7,1,0,2,246,370,21
6,1999,10,16,31,9,1,1,0,35,82,28,15,2,1,3,4,28,1,284,2,67,0,0,0,0,0,6,14,0,9,1,61,4,2,2,0,5,219,400,29
6,1999,11,22,20,7,2,0,0,35,120,35,4,1,1,1,6,19,0,233,2,67,0,0,0,0,1,2,9,0,5,0,50,4,7,0,2,0,248.9963787,344,18
6,1999,12,23,21,4,0,0,1,51,139,31,15,6,5,2,6,24,0,187,3,41,0,0,1,0,3,2,11,0,7,0,65,22,16,4,1,2,278.2137828,290,17
6,2000,1,17,17,6,0,0,2,34,110,44,14,12,2,4,11,22,0,170,5,50,0,1,1,0,6,0,18,0,9,0,85,7,11,2,3,5,273,272,24
6,2000,2,20,13,3,0,0,0,41,104,43,26,6,4,5,12,20,2,187,6,49,0,0,0,0,9,0,19,0,8,0,116,15,14,2,0,4,296,296,22
6,2000,3,19,14,8,0,0,0,53,163,37,32,5,0,4,7,10,0,225,9,51,1,0,3,0,5,0,9,0,2,0,85,3,6,4,1,6,318,338,18
6,2000,4,15,16,9,4,0,0,56,133,38,22,5,1,8,6,9,0,138,5,53,0,0,0,0,9,1,12,0,4,0,102,9,12,0,1,0,308,259,22
6,2000,5,17,25,2,0,0,0,57,106,48,7,4,1,3,6,19,0,131,4,50,0,0,0,0,11,0,10,0,7,0,79,7,11,6,0,3,275,248,12
6,2000,6,25,29,9,1,1,0,60,103,36,20,4,0,10,13,27,0,164,4,49,0,0,1,0,9,3,21,0,5,0,98,6,14,10,0,4,292,294,33
6,2000,7,20,40,5,3,0,0,49,106,47,16,5,1,10,10,24,0,174,11,75,0,0,4,0,15,0,16,0,4,0,77,10,14,2,1,6,293,314,21
6,2000,8,21,26,5,8,0,0,46,95,27,11,7,2,6,7,28,0,155,12,64,0,0,0,0,8,4,11,0,8,0,62,8,12,0,0,1,239,276,20
6,2000,9,14,13,8,3,0,0,56,91,50,13,5,2,3,7,26,0,138,13,43,2,0,2,0,18,0,16,0,1,0,84,6,7,1,0,1,255,253,26
6,2000,10,13,33,5,1,0,0,63,103,42,11,7,2,1,5,13,0,139,11,52,0,0,0,0,4,1,23,0,10,0,50,2,2,2,1,3,242,277,29
6,2000,11,17,27,5,2,0,0,73,96,25,14,3,0,1,3,12,0,127,4,38,1,0,0,0,6,0,22,0,4,0,58,4,10,0,0,4,225,260,28
6,2000,12,14,19,4,1,0,0,55,48,19,4,1,0,3,1,10,2,99,0,32,0,0,0,0,3,1,7,0,1,0,33,4,6,2,0,2,134,193,12
6,2001,1,10,17,8,0,0,0,44,95,32,15,2,3,4,7,19,0,134,0,33,0,0,1,0,1,1,10,0,1,0,53,2,7,2,1,4,207,221,19
6,2001,2,6,14,5,0,0,1,37,87,26,2,1,1,2,8,16,0,92,0,40,0,0,0,0,1,3,4,0,4,0,60,1,11,0,1,3,193,173,12
6,2001,3,13,24,4,0,0,0,41,114,24,7,2,1,3,9,25,0,105,3,47,1,0,1,0,2,0,14,0,4,0,57,2,11,2,3,7,232,207,19
6,2001,4,21,49,5,1,0,0,45,110,24,14,2,0,1,5,20,0,112,1,45,0,0,6,0,2,1,11,0,1,0,64,3,17,2,1,1,269,213,17
6,2001,5,22,27,9,1,0,2,40,101,32,18,1,0,7,6,22,0,144,0,63,0,0,0,0,2,1,7,0,4,0,85,1,11,1,0,3,268,254,17
6,2001,6,15,33,4,1,0,1,48,124,27,16,3,1,1,10,16,0,146,1,52,0,0,0,0,5,2,7,0,5,0,66,2,12,2,0,3,266,253,13
6,2001,7,19,26,10,3,0,1,57,104,29,17,3,1,10,0,18,0,142,2,56,0,0,2,0,2,1,16,0,1,0,77,5,10,7,0,6,258,271,27
6,2001,8,13,26,11,2,0,1,64,103,33,7,2,2,3,9,24,0,138,1,48,1,0,3,0,0,2,10,0,1,0,70,0,11,1,1,4,247,260,24
6,2001,9,22,32,10,0,0,0,55,118,23,8,6,4,6,3,26,2,150,0,31,1,0,1,0,3,3,9,0,7,0,80,2,9,4,2,5,275,245,23
6,2001,10,16,18,2,1,0,0,50,141,31,13,3,0,7,7,21,0,164,0,42,0,0,2,0,1,1,9,0,6,0,76,1,11,4,1,2,283,265,12
6,2001,11,16,23,5,2,0,0,51,97,22,9,0,3,3,6,13,0,129,0,55,0,0,0,0,3,0,15,0,4,0,46,1,8,1,0,6,206,250,20
6,2001,12,16,18,5,0,0,0,48,85,18,17,3,1,3,9,12,9,101,0,47,0,0,0,0,2,4,7,0,4,1,58,2,7,3,3,3,195,203,16
