PRECINCT,NAME,YEAR,MONTH,AGGASS,ARSON,BURGLARY,CMIS,DRUGS,GAMBLING,LARCENY,MENACING,MVTHEFT,MURDER_MANSLAUGHTER,DISCONDUCT,PROSTITUTION,RAPE,ROBBERY,SIMPASS,TRESPASS,WEAPONS,VCI,P1P,P1V
1,CLINTON,1991,1,14,4,88,115,34,0,144,11,47,3,116,2,4,19,59,7,7,335,298,40
1,CLINTON,1991,2,14,6,75,125,63,0,159,12,38,3,102,1,2,21,45,5,8,349,293,40
1,CLINTON,1991,3,19,8,84,129,33,0,146,14,71,1,140,2,7,35,81,7,10,401,336,62
1,CLINTON,1991,4,15,5,68,123,52,0,136,16,29,0,119,1,1,27,79,14,7,385,260,43
1,CLINTON,1991,5,23,13,66,150,43,0,181,20,53,0,168,5,5,26,102,13,7,483,326,54
1,CLINTON,1991,6,32,7,85,136,43,0,165,21,39,5,152,8,6,26,106,11,5,449,315,69
1,CLINTON,1991,7,18,4,83,169,36,0,204,29,50,0,151,14,4,20,119,8,1,480,357,42
1,CLINTON,1991,8,32,8,85,145,28,0,201,23,38,0,146,1,6,19,95,13,8,430,343,57
1,CLINTON,1991,9,8,5,83,157,23,0,187,10,47,1,134,2,2,24,71,6,5,395,341,35
1,CLINTON,1991,10,25,14,104,196,22,0,178,7,61,1,155,0,7,36,71,13,4,462,379,69
1,CLINTON,1991,11,12,8,102,140,21,0,185,14,47,1,78,1,3,26,58,9,7,312,360,42
1,CLINTON,1991,12,18,4,89,136,23,0,194,7,51,3,94,4,4,24,40,6,7,304,358,49
1,CLINTON,1992,1,22,4,113,145,29,0,192,13,58,0,83,4,3,25,72,6,9,342,388,50
1,CLINTON,1992,2,16,8,85,127,31,0,184,7,73,2,106,9,4,22,60,10,6,338,364,44
1,CLINTON,1992,3,12,9,125,137,41,0,147,12,49,4,117,6,1,28,71,7,6,381,349,45
1,CLINTON,1992,4,8,14,89,163,48,0,145,14,55,2,119,2,6,25,64,8,7,415,314,41
1,CLINTON,1992,5,8,6,104,159,34,0,163,14,54,2,138,9,3,22,99,11,7,443,343,35
1,CLINTON,1992,6,16,11,111,136,26,0,203,8,64,2,132,7,8,21,98,7,7,410,399,47
1,CLINTON,1992,7,18,35,128,161,42,0,185,13,38,1,134,9,5,24,77,11,3,452,375,48
1,CLINTON,1992,8,19,7,108,129,42,0,206,11,47,0,106,1,5,31,61,13,1,346,392,55
1,CLINTON,1992,9,15,9,108,129,27,0,169,6,38,0,112,2,1,20,78,13,5,360,335,36
1,CLINTON,1992,10,16,7,142,169,65,0,166,11,45,0,120,0,3,22,81,11,7,449,375,41
1,CLINTON,1992,11,19,9,102,110,16,0,161,3,48,0,90,2,2,34,57,13,21,303,345,55
1,CLINTON,1992,12,24,4,88,101,40,0,169,2,58,3,101,2,11,26,66,6,18,330,341,64
1,CLINTON,1993,1,17,4,85,87,39,0,176,3,65,3,99,0,2,41,68,8,9,306,367,63
1,CLINTON,1993,2,14,5,76,101,18,0,135,2,55,1,82,0,1,39,47,8,15,268,305,55
1,CLINTON,1993,3,17,4,100,104,31,0,176,7,44,2,116,2,2,30,66,7,7,328,350,51
1,CLINTON,1993,4,16,6,107,121,32,0,182,1,68,0,106,3,4,39,64,6,13,342,396,59
1,CLINTON,1993,5,18,13,96,109,43,1,149,3,44,1,107,2,0,27,66,11,20,358,316,46
1,CLINTON,1993,6,15,8,105,102,66,0,122,0,46,1,103,0,6,30,69,9,14,362,303,52
1,CLINTON,1993,7,31,8,120,123,35,0,123,2,59,5,120,4,2,39,80,9,27,393,341,77
1,CLINTON,1993,8,29,3,101,111,37,0,144,1,58,2,129,1,5,36,72,15,18,370,339,72
1,CLINTON,1993,9,19,10,103,101,64,0,151,0,58,1,108,2,3,37,52,8,22,357,349,60
1,CLINTON,1993,10,21,1,97,109,71,0,172,0,68,1,96,4,3,33,60,18,23,360,370,58
1,CLINTON,1993,11,22,6,120,134,62,0,162,2,51,1,99,4,1,33,49,8,13,363,366,57
1,CLINTON,1993,12,18,13,79,91,36,0,121,6,50,2,112,12,3,37,41,10,20,313,287,60
1,CLINTON,1994,1,16,3,57,71,53,0,109,2,32,2,91,8,2,18,49,6,17,284,216,38
1,CLINTON,1994,2,12,2,65,61,51,0,82,2,40,1,70,4,1,23,44,9,15,243,210,37
1,CLINTON,1994,3,12,7,94,69,76,0,127,2,42,0,111,3,2,20,60,6,18,341,283,34
1,CLINTON,1994,4,19,5,76,78,54,0,113,2,39,2,95,3,4,33,75,6,17,324,261,58
1,CLINTON,1994,5,17,1,77,109,55,0,126,1,53,0,104,10,0,33,73,10,16,358,289,50
1,CLINTON,1994,6,21,8,103,83,52,0,143,1,41,1,111,0,1,27,67,8,18,339,314,50
1,CLINTON,1994,7,18,10,101,106,82,0,141,1,47,3,124,2,5,31,82,4,23,427,320,57
1,CLINTON,1994,8,22,13,120,129,97,0,147,0,33,1,129,2,3,32,70,9,27,465,332,58
1,CLINTON,1994,9,18,13,73,85,79,0,113,1,28,4,89,17,4,34,55,5,19,340,248,60
1,CLINTON,1994,10,22,10,75,75,69,0,121,3,35,3,111,8,2,29,65,12,21,351,260,56
1,CLINTON,1994,11,25,8,70,95,46,0,112,2,36,2,98,1,2,36,65,8,12,324,254,65
1,CLINTON,1994,12,22,7,76,95,59,0,136,0,39,2,70,0,1,47,57,9,21,309,298,72
1,CLINTON,1995,1,19,3,48,87,61,0,151,0,26,4,113,10,3,41,47,6,23,334,266,67
1,CLINTON,1995,2,8,6,59,58,37,0,109,1,30,0,91,2,1,30,39,6,14,245,228,39
1,CLINTON,1995,3,15,4,77,86,38,0,126,1,31,1,100,10,2,22,53,11,27,308,256,40
1,CLINTON,1995,4,17,5,75,103,126,0,132,2,33,0,109,7,1,36,55,7,15,413,276,54
1,CLINTON,1995,5,20,6,108,122,42,0,123,0,36,0,104,14,3,25,69,8,11,354,292,48
1,CLINTON,1995,6,25,12,74,104,52,0,139,3,31,2,139,0,2,25,65,7,20,392,269,54
1,CLINTON,1995,7,25,13,105,104,60,0,199,0,34,1,130,1,8,29,65,10,23,395,367,63
1,CLINTON,1995,8,22,13,116,99,79,0,159,0,32,1,115,14,3,33,83,5,20,409,340,59
1,CLINTON,1995,9,17,11,97,114,66,0,132,0,36,1,127,1,4,21,46,7,20,384,286,43
1,CLINTON,1995,10,15,1,123,88,64,0,137,0,44,3,150,0,2,23,58,9,17,378,327,43
1,CLINTON,1995,11,19,7,61,93,64,0,126,1,50,1,102,3,2,23,50,12,14,330,260,45
1,CLINTON,1995,12,16,0,73,74,66,0,142,1,60,0,137,0,3,21,69,15,18,364,296,40
1,CLINTON,1996,1,9,7,54,62,84,0,86,1,50,0,130,0,1,24,44,7,9,336,214,34
1,CLINTON,1996,2,9,2,52,75,73,0,102,2,40,0,145,1,1,18,55,4,14,364,212,28
1,CLINTON,1996,3,9,2,52,71,94,0,92,1,38,1,121,4,9,11,68,5,21,377,193,30
1,CLINTON,1996,4,10,9,65,57,116,0,81,0,54,4,122,3,3,24,56,8,21,381,224,41
1,CLINTON,1996,5,12,8,54,91,60,0,106,2,47,2,160,5,2,22,73,3,25,417,229,38
1,CLINTON,1996,6,22,10,86,94,61,0,133,3,35,0,136,1,4,25,73,9,20,394,279,51
1,CLINTON,1996,7,15,6,61,86,69,0,153,0,44,1,156,3,7,25,77,7,27,421,283,48
1,CLINTON,1996,8,18,6,49,112,90,0,128,2,43,2,120,1,6,22,59,7,17,404,242,48
1,CLINTON,1996,9,9,9,55,80,58,0,118,0,40,0,124,5,0,24,51,8,12,334,237,33
1,CLINTON,1996,10,18,12,96,91,66,0,118,0,26,0,115,5,5,22,53,9,13,350,262,45
1,CLINTON,1996,11,14,7,91,71,95,0,109,0,32,1,111,6,1,22,41,10,10,335,254,38
1,CLINTON,1996,12,21,6,101,81,66,0,92,0,40,1,84,0,5,22,49,7,15,301,255,49
1,CLINTON,1997,1,8,7,52,59,84,1,86,2,55,1,114,4,2,39,46,13,14,324,232,50
1,CLINTON,1997,2,11,5,72,68,79,0,62,0,38,0,91,0,3,21,35,15,18,296,193,35
1,CLINTON,1997,3,14,6,68,63,89,0,67,1,47,0,92,3,2,39,46,4,10,306,221,55
1,CLINTON,1997,4,19,8,50,86,88,0,82,2,41,0,121,0,4,22,46,5,6,355,195,45
1,CLINTON,1997,5,17,8,54,78,69,0,104,1,36,1,114,0,3,16,54,4,14,337,210,37
1,CLINTON,1997,6,14,2,66,75,33,0,99,3,41,1,130,0,11,20,68,9,24,332,226,46
1,CLINTON,1997,7,17,4,72,100,67,0,93,2,34,3,146,0,3,25,49,4,16,382,224,48
1,CLINTON,1997,8,9,5,75,87,83,0,107,0,40,2,130,3,3,21,40,7,15,360,243,35
1,CLINTON,1997,9,8,10,68,73,81,0,108,0,34,2,114,1,4,15,40,1,16,334,225,29
1,CLINTON,1997,10,10,11,52,90,65,1,115,0,55,0,129,0,0,21,33,14,18,346,243,31
1,CLINTON,1997,11,12,2,52,94,39,0,140,0,63,0,88,2,3,30,33,6,9,265,285,45
1,CLINTON,1997,12,5,5,60,86,57,0,112,0,70,5,90,0,5,32,33,5,13,284,274,47
1,CLINTON,1998,1,16,15,38,69,59,0,94,1,47,1,129,0,3,26,36,3,15,323,205,46
1,CLINTON,1998,2,6,7,48,68,58,0,83,0,24,1,65,0,4,17,34,2,14,246,172,28
1,CLINTON,1998,3,7,9,49,66,61,0,70,0,62,2,113,0,2,7,39,7,13,301,188,18
1,CLINTON,1998,4,3,3,60,71,75,0,77,0,50,1,114,0,0,15,44,9,11,318,202,19
1,CLINTON,1998,5,17,13,75,95,70,0,101,1,33,1,140,0,2,11,33,5,14,365,220,31
1,CLINTON,1998,6,14,15,42,78,68,1,91,0,29,0,153,1,7,12,57,4,16,387,174,33
1,CLINTON,1998,7,23,8,64,75,74,0,86,1,50,1,127,0,9,16,47,5,21,352,216,49
1,CLINTON,1998,8,13,13,85,96,106,0,102,1,33,1,135,0,5,18,33,6,20,403,238,37
1,CLINTON,1998,9,18,6,60,80,106,0,88,1,56,1,117,4,4,13,36,10,16,361,217,36
1,CLINTON,1998,10,16,13,51,78,65,0,103,0,59,2,90,6,0,18,38,9,20,304,231,36
1,CLINTON,1998,11,14,10,56,67,51,0,91,0,34,1,84,1,4,13,33,6,11,256,194,32
1,CLINTON,1998,12,10,6,48,61,40,0,79,0,36,0,88,3,3,11,27,5,10,232,174,24
1,CLINTON,1999,1,4,3,34,33,45,0,45,0,48,2,91,0,2,11,18,4,12,202,138,19
1,CLINTON,1999,2,7,3,46,54,50,1,75,0,31,0,83,0,0,14,26,4,5,221,166,21
1,CLINTON,1999,3,14,6,39,41,58,1,71,0,24,5,74,0,3,11,25,7,7,211,145,33
1,CLINTON,1999,4,10,9,36,60,99,0,83,0,28,0,112,1,2,5,41,5,11,332,152,17
1,CLINTON,1999,5,14,17,45,84,84,0,92,2,60,0,100,0,1,7,40,4,14,339,204,22
1,CLINTON,1999,6,11,8,60,103,87,0,85,2,34,1,102,0,1,8,32,8,9,341,187,21
1,CLINTON,1999,7,18,6,43,82,81,0,98,0,35,1,109,0,1,14,34,3,18,330,190,34
1,CLINTON,1999,8,14,14,53,72,65,0,76,0,32,0,130,1,2,7,29,4,18,328,168,23
1,CLINTON,1999,9,8,3,44,73,55,0,93,0,26,0,83,2,0,12,35,8,18,267,175,20
1,CLINTON,1999,10,9,5,62,73,42,0,101,0,37,0,71,1,2,13,35,4,13,239,213,24
1,CLINTON,1999,11,4,7,67,96,27,0,119,0,61,0,84,0,2,19,24,3,11,249,266,25
1,CLINTON,1999,12,7,7,55,71,33,0,109,1,26,0,100,0,3,12,24,6,6,241,202,22
1,CLINTON,2000,1,8,6,38,56,48,0,91,1,50,1,80,1,2,12,31,2,15,236,191,23
1,CLINTON,2000,2,12,11,33,59,39,0,82,0,59,2,91,0,0,9,16,7,12,228,183,23
1,CLINTON,2000,3,10,0,38,74,44,0,91,0,42,1,87,3,3,18,38,7,6,249,189,32
1,CLINTON,2000,4,10,6,31,78,76,0,104,2,22,0,112,1,1,14,46,6,14,332,171,25
1,CLINTON,2000,5,15,7,36,69,70,0,142,0,27,0,114,2,2,13,35,5,12,307,218,30
1,CLINTON,2000,6,15,10,53,108,70,0,133,0,53,2,117,0,4,10,49,5,16,370,249,31
1,CLINTON,2000,7,11,11,48,96,68,0,116,2,24,0,139,2,2,12,32,5,16,362,200,25
1,CLINTON,2000,8,14,7,40,104,73,0,134,0,39,2,105,6,3,13,35,5,19,343,226,32
1,CLINTON,2000,9,16,10,51,77,48,0,98,0,44,0,112,0,5,25,39,4,13,299,218,46
1,CLINTON,2000,10,12,0,43,74,50,0,162,0,60,1,111,1,3,22,29,5,18,282,287,38
1,CLINTON,2000,11,7,5,70,88,54,0,159,0,55,0,88,9,2,22,32,7,16,283,306,31
1,CLINTON,2000,12,7,2,38,51,39,0,128,0,31,2,78,0,5,16,30,11,9,209,213,30
1,CLINTON,2001,1,7,4,41,59,49,0,113,0,11,0,95,3,2,26,26,5,13,246,191,35
1,CLINTON,2001,2,7,2,26,71,25,0,73,0,14,0,83,1,4,14,27,4,8,216,127,25
1,CLINTON,2001,3,11,2,28,68,46,0,109,0,14,0,87,3,1,10,41,5,15,259,161,22
1,CLINTON,2001,4,8,10,44,86,73,0,123,0,7,3,110,1,6,6,27,4,17,323,180,23
1,CLINTON,2001,5,11,11,31,78,80,0,114,0,12,1,152,5,2,9,38,4,17,376,166,23
1,CLINTON,2001,6,15,3,40,83,69,0,150,0,10,2,120,1,4,7,46,12,13,334,207,28
1,CLINTON,2001,7,11,10,40,68,71,0,137,0,25,1,148,2,0,20,36,12,15,348,222,32
1,CLINTON,2001,8,12,9,36,87,68,0,141,0,12,2,135,1,1,14,40,13,21,360,203,29
1,CLINTON,2001,9,8,7,60,63,55,0,123,0,10,3,134,7,3,12,38,10,10,307,205,26
1,CLINTON,2001,10,17,6,57,97,26,0,144,1,8,0,103,0,1,23,34,10,18,284,232,41
1,CLINTON,2001,11,10,3,46,77,41,0,138,1,13,0,102,1,1,16,33,10,11,267,213,27
1,CLINTON,2001,12,12,5,41,83,37,0,122,0,10,1,92,0,1,17,37,2,11,265,190,31
2,DOWNTOWN,1991,1,1,0,22,38,3,0,176,2,6,0,52,4,0,7,23,20,0,116,211,8
2,DOWNTOWN,1991,2,0,0,13,36,1,0,152,2,9,0,56,4,2,10,12,6,1,106,184,12
2,DOWNTOWN,1991,3,3,1,10,32,0,0,167,4,11,0,44,0,0,5,17,8,3,97,193,8
2,DOWNTOWN,1991,4,0,1,15,43,0,0,151,3,9,0,34,6,0,7,15,12,0,93,182,7
2,DOWNTOWN,1991,5,2,0,19,56,1,0,146,4,9,0,50,0,0,8,23,7,3,133,182,10
2,DOWNTOWN,1991,6,1,0,14,43,0,0,182,2,12,0,63,1,0,10,17,14,2,125,218,11
2,DOWNTOWN,1991,7,4,0,30,53,2,0,189,5,6,0,61,1,3,14,20,13,0,136,239,21
2,DOWNTOWN,1991,8,3,0,42,46,3,0,194,3,10,0,58,2,2,9,21,15,1,129,255,14
2,DOWNTOWN,1991,9,3,0,19,32,1,0,154,6,6,0,50,0,2,13,15,8,0,98,192,18
2,DOWNTOWN,1991,10,1,0,23,52,2,0,173,2,10,0,52,0,2,15,18,13,3,127,221,18
2,DOWNTOWN,1991,11,5,0,25,38,2,0,185,3,14,0,43,0,1,7,18,13,1,102,231,13
2,DOWNTOWN,1991,12,2,0,25,39,3,0,191,1,11,0,46,0,1,8,18,7,1,107,235,11
2,DOWNTOWN,1992,1,1,0,30,44,2,0,234,1,9,0,48,0,0,14,9,12,1,104,287,15
2,DOWNTOWN,1992,2,4,0,23,46,1,0,152,3,14,0,63,2,2,8,19,16,3,132,197,14
2,DOWNTOWN,1992,3,2,0,25,38,2,0,129,5,13,0,48,2,0,5,17,22,4,109,172,7
2,DOWNTOWN,1992,4,2,0,24,43,3,0,175,3,6,1,67,0,1,12,12,15,0,125,217,16
2,DOWNTOWN,1992,5,4,0,18,37,2,0,155,2,9,0,55,0,1,13,27,12,3,124,195,18
2,DOWNTOWN,1992,6,2,2,34,43,1,0,169,2,10,0,49,0,6,9,19,11,0,114,222,17
2,DOWNTOWN,1992,7,1,0,26,64,3,0,171,4,9,0,49,9,2,12,28,4,3,147,218,15
2,DOWNTOWN,1992,8,2,0,25,48,2,0,202,5,11,0,56,2,1,10,14,4,0,120,248,13
2,DOWNTOWN,1992,9,3,1,33,44,4,0,189,3,10,0,56,2,0,16,10,13,1,116,248,19
2,DOWNTOWN,1992,10,1,0,17,33,5,0,146,0,8,0,64,3,0,11,26,17,2,130,182,12
2,DOWNTOWN,1992,11,3,0,12,29,0,0,157,2,13,0,54,1,0,13,15,21,3,101,195,16
2,DOWNTOWN,1992,12,3,0,18,25,3,0,169,1,20,0,55,0,2,8,24,17,0,107,215,13
2,DOWNTOWN,1993,1,1,0,32,33,0,0,164,1,13,0,55,2,1,7,23,22,7,118,216,9
2,DOWNTOWN,1993,2,0,0,19,28,1,0,131,3,16,0,31,0,0,6,20,8,2,82,172,6
2,DOWNTOWN,1993,3,2,1,20,24,1,0,164,2,8,0,53,0,1,5,15,16,7,101,197,8
2,DOWNTOWN,1993,4,0,0,22,37,0,0,143,0,8,0,44,0,0,12,17,7,4,102,185,12
2,DOWNTOWN,1993,5,3,0,36,38,3,0,183,0,9,0,45,3,0,3,8,5,2,96,231,6
2,DOWNTOWN,1993,6,3,0,40,27,1,0,160,0,8,0,37,1,0,7,16,12,3,84,215,10
2,DOWNTOWN,1993,7,1,0,26,30,3,0,138,2,16,1,73,0,0,11,15,9,4,125,191,13
2,DOWNTOWN,1993,8,3,0,22,29,3,0,166,1,11,0,49,1,2,13,14,12,1,96,212,18
2,DOWNTOWN,1993,9,1,0,19,34,3,0,145,1,15,0,47,2,0,9,13,13,5,102,188,10
2,DOWNTOWN,1993,10,0,0,20,49,2,0,163,0,12,0,57,1,2,5,18,14,3,129,200,7
2,DOWNTOWN,1993,11,6,1,18,32,3,0,142,1,7,0,36,0,1,14,21,16,5,98,181,21
2,DOWNTOWN,1993,12,3,0,20,29,2,0,152,2,13,0,33,3,1,11,19,15,2,85,196,15
2,DOWNTOWN,1994,1,1,0,10,24,6,0,122,0,8,0,27,0,1,3,21,14,4,82,143,5
2,DOWNTOWN,1994,2,3,0,10,25,2,0,89,1,4,0,36,0,2,8,15,4,1,79,111,13
2,DOWNTOWN,1994,3,0,0,25,33,3,0,175,0,8,0,52,0,1,6,25,13,11,124,214,7
2,DOWNTOWN,1994,4,1,0,12,31,1,0,148,0,11,1,40,8,0,13,12,13,7,91,184,15
2,DOWNTOWN,1994,5,0,2,15,24,2,0,151,0,10,0,32,0,0,7,19,15,2,81,183,7
2,DOWNTOWN,1994,6,1,2,27,30,3,0,175,1,16,0,34,0,1,3,21,7,2,92,221,5
2,DOWNTOWN,1994,7,2,3,28,52,0,0,185,0,11,0,45,1,0,20,14,10,5,119,244,22
2,DOWNTOWN,1994,8,2,0,35,38,0,0,168,0,12,0,43,3,1,15,15,15,1,97,230,18
2,DOWNTOWN,1994,9,1,1,21,37,0,0,128,0,10,0,42,10,1,6,11,11,1,92,165,8
2,DOWNTOWN,1994,10,0,1,23,41,3,0,118,1,14,0,34,4,3,7,4,10,1,84,162,10
2,DOWNTOWN,1994,11,2,1,11,29,4,0,148,1,10,0,39,0,2,9,9,12,7,89,178,13
2,DOWNTOWN,1994,12,1,2,29,26,4,0,139,1,5,0,39,0,4,9,15,10,6,92,182,14
2,DOWNTOWN,1995,1,2,3,16,36,0,0,161,0,7,0,37,0,0,11,23,8,0,99,195,13
2,DOWNTOWN,1995,2,3,0,13,25,1,0,158,0,9,0,44,2,1,12,11,17,1,82,192,16
2,DOWNTOWN,1995,3,1,0,20,34,2,0,178,0,12,0,46,0,1,12,12,12,1,95,222,14
2,DOWNTOWN,1995,4,3,1,12,26,2,0,154,0,6,0,50,1,1,7,9,9,2,90,179,11
2,DOWNTOWN,1995,5,2,0,18,43,0,0,176,1,9,0,34,6,0,7,25,12,4,106,210,9
2,DOWNTOWN,1995,6,5,0,7,25,4,0,136,0,12,0,57,0,0,10,16,6,3,105,165,15
2,DOWNTOWN,1995,7,3,0,17,26,3,0,140,2,7,1,48,11,0,10,14,15,1,92,174,14
2,DOWNTOWN,1995,8,4,2,27,37,3,0,196,2,14,0,53,9,1,16,21,20,3,119,253,21
2,DOWNTOWN,1995,9,1,1,22,27,4,0,144,1,18,0,43,5,0,11,20,6,6,101,195,12
2,DOWNTOWN,1995,10,0,1,36,34,0,0,143,0,12,0,50,2,1,9,14,7,2,101,200,10
2,DOWNTOWN,1995,11,3,0,23,34,1,0,180,0,5,0,47,2,1,19,11,10,2,95,227,23
2,DOWNTOWN,1995,12,2,1,19,18,1,0,115,1,8,0,51,1,0,13,16,12,3,90,155,15
2,DOWNTOWN,1996,1,0,2,18,20,7,0,128,0,13,0,43,0,0,10,10,18,2,84,169,10
2,DOWNTOWN,1996,2,0,0,16,18,3,0,120,1,8,0,43,5,1,8,17,13,2,83,152,9
2,DOWNTOWN,1996,3,1,0,14,29,1,0,96,1,10,0,53,1,0,4,19,16,2,104,124,5
2,DOWNTOWN,1996,4,1,0,16,15,4,0,132,0,15,0,48,4,0,9,18,9,4,89,172,10
2,DOWNTOWN,1996,5,2,1,13,36,1,1,161,0,13,0,41,3,0,6,15,12,4,98,193,8
2,DOWNTOWN,1996,6,3,0,13,21,4,0,136,0,10,0,56,2,1,5,12,8,7,100,164,9
2,DOWNTOWN,1996,7,4,1,20,24,5,0,170,1,13,0,55,2,2,10,12,12,5,102,213,16
2,DOWNTOWN,1996,8,1,1,20,25,8,0,190,2,8,0,56,0,0,7,11,6,2,103,225,8
2,DOWNTOWN,1996,9,6,0,30,44,6,0,147,1,10,0,44,8,1,11,19,18,5,118,198,18
2,DOWNTOWN,1996,10,1,2,20,47,9,0,173,1,10,0,62,7,0,9,10,10,2,132,212,10
2,DOWNTOWN,1996,11,3,3,14,16,4,0,98,0,13,0,38,8,0,8,19,10,5,85,133,11
2,DOWNTOWN,1996,12,4,1,17,27,10,0,120,0,5,0,54,16,0,9,12,19,7,111,151,13
2,DOWNTOWN,1997,1,4,0,9,32,2,0,135,0,15,0,53,11,0,9,10,10,2,99,168,13
2,DOWNTOWN,1997,2,1,0,12,26,5,0,109,1,11,0,40,5,0,2,16,11,2,89,134,3
2,DOWNTOWN,1997,3,1,1,11,26,2,0,146,0,12,0,55,3,0,8,11,8,2,97,177,9
2,DOWNTOWN,1997,4,0,1,16,30,3,0,142,0,9,0,49,5,0,4,5,4,2,90,171,4
2,DOWNTOWN,1997,5,3,0,25,31,3,1,153,0,13,0,41,2,0,5,4,4,1,80,196,8
2,DOWNTOWN,1997,6,2,0,13,20,3,0,131,1,7,0,43,2,0,10,8,11,1,75,161,12
2,DOWNTOWN,1997,7,0,0,26,24,2,0,173,0,6,0,40,1,1,10,5,11,3,74,215,11
2,DOWNTOWN,1997,8,2,3,13,36,2,0,138,0,5,0,48,5,2,14,10,10,1,100,170,18
2,DOWNTOWN,1997,9,1,0,15,25,11,0,167,0,16,0,33,2,0,15,8,9,1,78,213,16
2,DOWNTOWN,1997,10,2,3,15,36,0,0,137,0,7,0,50,6,0,10,12,6,4,105,169,12
2,DOWNTOWN,1997,11,2,1,17,51,2,0,163,0,4,0,36,0,0,6,12,2,3,105,190,8
2,DOWNTOWN,1997,12,2,0,21,47,3,0,161,0,17,1,40,0,1,7,10,7,0,100,206,11
2,DOWNTOWN,1998,1,0,0,23,30,3,0,132,1,11,0,45,1,0,8,7,12,2,87,174,8
2,DOWNTOWN,1998,2,1,0,13,30,2,0,102,0,9,1,43,1,1,10,5,8,3,83,134,13
2,DOWNTOWN,1998,3,0,1,14,21,3,0,132,3,13,0,40,0,0,17,9,7,1,75,176,17
2,DOWNTOWN,1998,4,3,1,6,25,1,0,115,1,7,0,26,1,6,7,13,5,3,69,135,16
2,DOWNTOWN,1998,5,1,0,12,44,4,0,162,1,11,0,50,3,2,8,11,8,5,114,193,11
2,DOWNTOWN,1998,6,2,0,16,27,4,0,103,0,9,1,43,0,0,4,11,9,9,94,132,7
2,DOWNTOWN,1998,7,1,0,12,26,4,0,166,0,17,0,64,1,0,9,16,5,1,111,204,10
2,DOWNTOWN,1998,8,1,1,19,23,5,0,123,1,10,0,42,1,2,9,13,10,2,86,161,12
2,DOWNTOWN,1998,9,1,1,18,36,2,0,145,0,8,0,48,1,1,8,15,8,2,104,179,10
2,DOWNTOWN,1998,10,4,0,15,63,3,1,162,0,6,0,55,8,0,10,7,6,2,130,193,14
2,DOWNTOWN,1998,11,2,0,17,32,3,0,155,0,6,0,34,0,2,10,8,4,3,80,188,14
2,DOWNTOWN,1998,12,3,0,8,31,4,0,149,0,6,1,30,1,1,3,18,6,7,90,166,8
2,DOWNTOWN,1999,1,2,0,14,25,2,0,109,0,6,0,36,0,1,5,11,5,0,74,134,8
2,DOWNTOWN,1999,2,2,0,5,23,2,0,87,0,11,0,33,0,0,6,8,7,3,69,109,8
2,DOWNTOWN,1999,3,1,1,7,34,5,0,109,0,7,0,35,1,0,8,12,3,1,88,131,9
2,DOWNTOWN,1999,4,1,0,12,30,10,0,122,1,10,0,45,1,1,2,3,7,0,88,146,4
2,DOWNTOWN,1999,5,2,1,6,52,4,0,153,0,10,0,34,0,1,3,14,7,2,107,172,6
2,DOWNTOWN,1999,6,1,0,14,30,5,0,125,0,10,0,39,0,0,6,15,1,5,94,155,7
2,DOWNTOWN,1999,7,1,0,14,30,10,0,115,0,9,0,45,2,0,3,11,2,2,98,141,4
2,DOWNTOWN,1999,8,3,0,10,18,8,1,98,1,15,0,42,1,0,6,12,3,2,82,129,9
2,DOWNTOWN,1999,9,0,0,11,24,7,0,95,1,13,0,47,2,4,6,7,4,2,87,125,10
2,DOWNTOWN,1999,10,6,1,14,27,6,0,119,0,8,0,38,2,0,4,10,3,2,84,145,10
2,DOWNTOWN,1999,11,0,0,15,26,3,0,113,0,13,0,34,1,0,3,10,6,0,73,144,3
2,DOWNTOWN,1999,12,0,1,12,27,2,0,111,1,7,0,25,1,0,6,7,8,1,63,136,6
2,DOWNTOWN,2000,1,4,1,15,29,1,0,99,0,8,0,37,1,0,5,7,5,1,76,127,9
2,DOWNTOWN,2000,2,2,0,15,21,1,0,82,0,3,0,38,0,0,8,14,9,1,75,108,10
2,DOWNTOWN,2000,3,1,1,7,32,2,0,109,0,12,0,45,0,0,1,15,11,5,100,129,2
2,DOWNTOWN,2000,4,3,0,20,29,2,0,95,0,6,0,49,0,0,4,10,8,1,91,125,7
2,DOWNTOWN,2000,5,2,0,10,39,1,0,147,0,3,0,46,0,0,3,12,8,2,100,163,5
2,DOWNTOWN,2000,6,2,0,17,35,5,0,126,1,14,0,34,0,2,3,9,5,1,84,160,7
2,DOWNTOWN,2000,7,2,0,19,61,4,1,156,0,9,0,35,0,0,4,8,0,1,109,188,6
2,DOWNTOWN,2000,8,0,0,13,39,4,0,137,0,9,0,40,2,0,8,12,5,3,98,167,8
2,DOWNTOWN,2000,9,1,0,12,34,2,0,158,0,14,0,27,0,0,4,8,9,4,75,188,5
2,DOWNTOWN,2000,10,0,1,12,33,4,0,206,0,7,0,36,0,0,5,15,2,1,90,230,5
2,DOWNTOWN,2000,11,0,0,11,41,1,0,170,0,10,0,38,0,2,5,8,6,3,91,196,7
2,DOWNTOWN,2000,12,1,0,7,37,2,0,106,0,5,0,23,0,0,2,8,6,1,71,120,3
2,DOWNTOWN,2001,1,4,0,11,29,5,0,111,1,2,0,35,0,1,7,7,11,2,78,131,12
2,DOWNTOWN,2001,2,2,0,4,23,1,0,68,0,1,0,33,0,0,4,12,15,1,70,77,6
2,DOWNTOWN,2001,3,4,0,6,25,3,0,101,0,2,0,45,0,0,4,8,9,2,83,113,8
2,DOWNTOWN,2001,4,3,0,8,36,4,0,96,0,3,0,19,0,0,6,7,6,4,70,113,9
2,DOWNTOWN,2001,5,1,0,10,31,4,0,111,1,1,0,29,6,1,7,4,2,4,72,129,9
2,DOWNTOWN,2001,6,2,0,23,28,5,0,109,0,3,0,34,1,1,5,8,6,0,75,140,8
2,DOWNTOWN,2001,7,3,0,24,32,5,1,118,0,0,0,34,0,0,5,12,7,4,87,147,8
2,DOWNTOWN,2001,8,4,0,11,55,14,0,121,0,3,0,35,5,1,5,9,6,1,114,140,10
2,DOWNTOWN,2001,9,2,2,7,31,12,1,118,0,2,0,42,1,0,7,8,3,4,99,134,9
2,DOWNTOWN,2001,10,3,0,9,15,2,0,99,0,2,0,44,0,0,10,4,5,1,66,120,13
2,DOWNTOWN,2001,11,5,0,9,21,2,0,98,0,1,0,36,0,0,3,10,2,2,71,111,8
2,DOWNTOWN,2001,12,2,0,6,26,1,0,88,2,2,0,46,4,0,6,8,4,3,84,102,8
3,GENESEE,1991,1,9,2,45,99,30,0,130,6,36,3,112,7,2,19,41,18,5,289,230,33
3,GENESEE,1991,2,11,5,52,115,23,0,114,9,33,1,113,4,3,16,33,8,9,298,215,31
3,GENESEE,1991,3,9,6,69,209,34,0,124,23,36,0,132,0,4,17,51,12,9,441,246,30
3,GENESEE,1991,4,15,3,46,108,28,0,132,9,34,1,122,0,2,14,58,16,8,327,226,32
3,GENESEE,1991,5,6,6,80,138,29,0,142,12,42,0,139,2,5,13,86,12,12,410,277,24
3,GENESEE,1991,6,17,6,63,136,22,0,159,19,33,1,128,4,5,17,102,12,15,409,272,40
3,GENESEE,1991,7,5,8,89,140,10,0,166,18,50,2,159,3,2,20,79,9,8,404,325,29
3,GENESEE,1991,8,16,7,107,131,15,0,167,16,36,1,133,6,3,19,83,22,10,379,329,39
3,GENESEE,1991,9,11,5,70,104,21,0,143,17,39,1,110,0,4,10,80,11,6,326,262,26
3,GENESEE,1991,10,16,9,88,126,15,0,137,16,50,1,106,1,6,31,70,18,12,338,306,54
3,GENESEE,1991,11,12,8,76,117,20,0,167,12,48,4,98,7,4,33,52,12,6,301,324,53
3,GENESEE,1991,12,12,3,70,113,12,0,180,10,25,0,77,0,3,22,48,13,12,265,297,37
3,GENESEE,1992,1,15,6,91,93,20,0,163,8,31,2,80,0,4,21,52,11,12,263,306,42
3,GENESEE,1992,2,18,6,59,81,19,0,128,15,35,1,112,2,4,17,51,10,5,274,239,40
3,GENESEE,1992,3,3,5,64,61,21,0,88,11,28,0,102,4,1,13,61,12,5,255,193,17
3,GENESEE,1992,4,10,4,55,107,33,0,109,13,40,1,117,2,6,17,72,13,6,339,221,34
3,GENESEE,1992,5,15,8,60,132,17,0,104,10,25,2,146,1,6,22,69,17,12,384,211,45
3,GENESEE,1992,6,16,8,79,147,23,0,133,11,37,1,138,1,3,18,64,17,14,394,267,38
3,GENESEE,1992,7,13,1,89,114,22,0,171,10,47,1,131,5,3,18,97,16,12,377,325,35
3,GENESEE,1992,8,22,4,112,86,17,0,150,20,48,0,123,0,5,31,61,18,13,304,341,58
3,GENESEE,1992,9,16,3,97,95,27,0,126,14,37,1,116,1,4,14,79,13,14,334,274,35
3,GENESEE,1992,10,7,4,109,99,27,0,119,15,38,1,114,2,2,18,66,14,16,326,284,28
3,GENESEE,1992,11,11,4,85,115,19,0,100,2,57,2,105,1,4,17,50,5,16,309,259,34
3,GENESEE,1992,12,8,2,91,77,23,0,109,1,50,0,97,0,0,27,51,13,22,272,277,35
3,GENESEE,1993,1,13,2,84,74,18,0,103,0,33,0,106,0,2,23,54,10,18,272,243,38
3,GENESEE,1993,2,2,2,36,56,17,0,85,1,36,0,67,0,2,23,32,4,17,191,180,27
3,GENESEE,1993,3,9,10,56,51,21,0,80,3,36,0,89,0,1,25,50,12,15,236,197,35
3,GENESEE,1993,4,8,5,60,79,18,0,96,1,30,1,108,3,5,17,62,3,11,283,203,31
3,GENESEE,1993,5,14,3,48,93,20,0,94,2,37,1,110,8,4,15,61,8,26,313,194,34
3,GENESEE,1993,6,23,7,68,88,31,0,116,2,38,0,91,17,3,23,54,10,24,295,245,49
3,GENESEE,1993,7,20,17,100,82,19,0,129,4,53,6,127,4,7,26,68,10,27,340,308,59
3,GENESEE,1993,8,22,2,84,80,40,0,153,4,56,2,120,1,8,20,68,7,21,331,313,52
3,GENESEE,1993,9,8,2,117,98,27,0,91,1,47,1,97,0,4,12,39,8,25,288,267,25
3,GENESEE,1993,10,9,4,66,86,37,0,118,3,50,3,100,4,3,33,66,4,24,317,267,48
3,GENESEE,1993,11,13,2,66,75,21,0,118,0,39,0,84,0,0,32,45,10,12,239,255,45
3,GENESEE,1993,12,17,2,87,65,25,0,116,2,30,1,96,4,4,29,56,4,17,261,262,51
3,GENESEE,1994,1,9,0,69,60,18,0,87,3,31,2,88,1,4,20,37,3,17,220,207,35
3,GENESEE,1994,2,7,2,52,107,17,0,94,0,22,1,75,1,0,13,25,4,13,239,181,21
3,GENESEE,1994,3,11,5,78,72,20,0,97,1,22,1,106,0,3,17,60,14,19,282,214,32
3,GENESEE,1994,4,9,3,74,87,37,0,90,0,31,0,101,2,5,17,64,6,24,316,212,31
3,GENESEE,1994,5,13,0,67,70,30,0,126,0,26,1,112,8,6,19,43,8,27,282,238,39
3,GENESEE,1994,6,30,6,72,83,23,0,121,0,37,2,117,0,5,28,60,5,15,304,258,65
3,GENESEE,1994,7,19,4,87,74,18,0,142,2,30,1,110,2,3,34,54,6,34,294,293,57
3,GENESEE,1994,8,13,8,68,68,29,0,128,2,33,3,105,0,0,27,56,6,17,283,256,43
3,GENESEE,1994,9,9,8,56,56,29,0,134,0,16,1,110,6,3,24,55,6,14,272,230,37
3,GENESEE,1994,10,10,9,78,75,29,0,104,2,39,0,92,4,3,22,52,11,15,272,243,35
3,GENESEE,1994,11,12,6,49,63,22,0,125,1,29,3,101,0,1,27,37,6,21,250,230,43
3,GENESEE,1994,12,9,3,58,51,27,0,108,1,47,1,87,0,5,20,43,12,13,224,233,35
3,GENESEE,1995,1,6,0,46,55,23,0,100,1,18,1,83,0,3,29,45,7,19,225,193,39
3,GENESEE,1995,2,10,3,28,34,29,0,78,0,19,0,74,5,1,8,26,4,8,174,133,19
3,GENESEE,1995,3,6,3,36,50,27,0,98,0,21,0,89,1,2,10,38,7,19,226,165,18
3,GENESEE,1995,4,12,8,44,81,27,0,115,0,22,1,123,4,0,22,44,14,19,302,203,35
3,GENESEE,1995,5,14,6,44,68,23,0,114,1,18,2,105,1,4,23,55,5,17,274,199,43
3,GENESEE,1995,6,12,5,42,89,17,0,111,1,23,2,130,3,2,25,46,10,27,314,201,41
3,GENESEE,1995,7,17,1,79,79,30,0,109,0,33,0,125,1,3,19,63,6,12,310,240,39
3,GENESEE,1995,8,14,2,91,86,30,0,142,1,39,0,125,3,5,32,43,11,21,307,304,51
3,GENESEE,1995,9,9,2,67,71,26,0,102,0,20,0,109,0,6,33,50,4,19,277,222,48
3,GENESEE,1995,10,13,2,86,81,26,0,151,0,24,0,104,0,2,14,47,3,14,274,275,29
3,GENESEE,1995,11,12,2,68,85,29,0,112,2,38,1,123,1,3,16,33,11,21,293,234,32
3,GENESEE,1995,12,9,2,64,60,19,0,104,3,46,1,137,0,1,34,47,9,11,276,248,45
3,GENESEE,1996,1,6,1,62,60,19,0,102,2,43,0,124,0,3,23,41,10,19,264,230,32
3,GENESEE,1996,2,7,1,37,52,19,0,82,1,36,2,116,0,1,21,45,9,13,246,176,31
3,GENESEE,1996,3,3,1,41,49,20,0,69,2,36,1,117,3,1,15,39,9,7,233,161,20
3,GENESEE,1996,4,4,2,56,57,22,0,69,3,26,0,104,2,1,13,39,6,16,240,164,18
3,GENESEE,1996,5,6,4,60,71,21,0,98,1,33,1,116,0,2,18,52,7,13,277,209,27
3,GENESEE,1996,6,12,5,62,78,17,0,116,0,39,1,109,0,2,18,54,4,17,280,235,33
3,GENESEE,1996,7,15,5,60,92,39,0,119,1,28,0,120,3,1,19,50,8,13,319,226,35
3,GENESEE,1996,8,14,5,60,91,28,0,152,0,28,0,125,10,1,20,50,4,12,311,260,35
3,GENESEE,1996,9,13,8,60,58,16,0,111,0,25,0,102,2,4,17,42,6,13,239,213,34
3,GENESEE,1996,10,10,2,46,80,24,0,128,1,50,0,105,12,1,16,45,10,16,272,240,27
3,GENESEE,1996,11,10,5,38,62,19,0,91,1,52,3,85,2,0,14,27,6,15,213,195,27
3,GENESEE,1996,12,12,1,50,63,17,0,104,0,33,0,87,7,2,18,41,5,15,224,205,32
3,GENESEE,1997,1,4,5,43,48,24,0,94,0,33,0,91,1,6,30,38,5,16,222,200,40
3,GENESEE,1997,2,7,2,35,42,27,0,77,2,22,0,85,6,1,12,25,11,11,192,146,20
3,GENESEE,1997,3,10,7,40,59,22,0,78,1,26,2,95,1,3,11,40,9,9,232,155,26
3,GENESEE,1997,4,9,4,36,69,15,0,81,1,25,0,93,1,1,15,44,8,13,238,157,25
3,GENESEE,1997,5,14,5,41,77,19,0,86,1,25,0,125,1,4,25,46,6,22,294,177,43
3,GENESEE,1997,6,10,6,51,79,29,0,106,2,38,2,123,0,1,16,38,4,24,299,211,29
3,GENESEE,1997,7,18,8,44,84,18,0,125,1,44,1,120,1,1,24,29,6,16,275,237,44
3,GENESEE,1997,8,20,8,59,94,36,0,134,1,33,2,119,2,2,28,36,4,12,305,254,52
3,GENESEE,1997,9,7,2,34,62,20,1,114,1,36,0,107,3,2,23,25,13,10,226,207,32
3,GENESEE,1997,10,14,2,32,61,22,1,97,1,51,1,120,0,0,17,31,8,18,254,197,32
3,GENESEE,1997,11,8,3,31,62,4,0,107,1,39,1,108,0,3,27,28,4,15,220,204,39
3,GENESEE,1997,12,5,3,43,69,19,0,137,0,32,1,96,5,2,33,18,8,15,220,245,41
3,GENESEE,1998,1,11,1,37,48,14,0,79,0,33,0,128,0,4,18,31,8,16,238,167,33
3,GENESEE,1998,2,6,4,35,51,20,0,59,2,27,4,87,11,1,10,22,7,9,193,131,21
3,GENESEE,1998,3,9,4,35,65,28,0,89,0,29,1,101,3,2,4,30,5,12,240,157,16
3,GENESEE,1998,4,8,4,36,67,46,0,82,0,29,1,106,0,4,16,27,7,10,260,163,29
3,GENESEE,1998,5,10,2,57,107,22,0,119,2,30,2,110,7,1,12,35,8,12,288,218,25
3,GENESEE,1998,6,8,5,43,68,29,0,92,0,32,2,114,6,1,18,37,8,23,276,185,29
3,GENESEE,1998,7,7,4,52,100,49,0,114,0,43,1,129,1,3,9,28,9,14,324,218,20
3,GENESEE,1998,8,7,1,44,83,35,0,120,0,41,0,101,0,2,13,43,10,23,286,218,22
3,GENESEE,1998,9,7,3,46,75,34,0,106,0,37,1,122,19,1,9,35,7,10,279,198,18
3,GENESEE,1998,10,6,2,37,77,38,0,114,0,47,2,91,21,4,12,35,7,6,249,210,24
3,GENESEE,1998,11,7,6,56,63,31,0,90,0,41,0,73,1,0,12,20,5,10,203,199,19
3,GENESEE,1998,12,10,2,26,67,31,0,107,0,30,1,85,1,1,8,20,5,16,221,171,20
3,GENESEE,1999,1,2,1,28,43,40,0,54,0,30,0,93,1,1,7,17,3,15,209,119,10
3,GENESEE,1999,2,3,0,36,50,32,0,77,1,17,0,72,1,1,9,22,4,8,184,139,13
3,GENESEE,1999,3,11,0,29,45,46,0,77,0,39,0,99,16,5,7,22,9,6,218,152,23
3,GENESEE,1999,4,12,2,32,55,55,0,94,0,36,0,81,9,3,12,29,14,9,231,174,27
3,GENESEE,1999,5,5,1,25,62,43,0,76,1,27,0,127,0,3,2,46,3,6,285,130,10
3,GENESEE,1999,6,7,4,53,61,46,0,92,0,21,0,108,10,2,4,37,5,12,268,170,13
3,GENESEE,1999,7,10,2,45,75,37,0,96,0,34,0,126,0,3,7,24,7,16,280,182,20
3,GENESEE,1999,8,12,1,46,59,62,0,102,2,21,1,89,3,3,5,23,6,13,247,174,21
3,GENESEE,1999,9,6,8,54,78,40,0,88,1,36,0,74,0,3,11,34,5,13,247,189,20
3,GENESEE,1999,10,12,2,43,75,48,0,84,0,30,1,94,4,0,12,22,3,11,252,169,25
3,GENESEE,1999,11,7,5,32,61,23,0,71,0,20,0,88,0,2,18,14,4,8,199,141,27
3,GENESEE,1999,12,4,1,21,65,34,0,72,0,18,0,96,6,4,11,17,8,12,225,122,19
3,GENESEE,2000,1,7,2,25,61,28,0,63,0,28,1,102,15,2,9,18,7,14,225,125,19
3,GENESEE,2000,2,6,1,17,67,34,0,71,0,21,0,93,0,1,8,27,5,6,228,117,15
3,GENESEE,2000,3,6,1,31,61,49,0,57,0,17,0,106,0,4,3,21,12,4,242,108,13
3,GENESEE,2000,4,11,4,24,76,45,0,75,0,20,2,79,7,1,11,30,2,6,240,130,25
3,GENESEE,2000,5,9,9,22,85,34,0,72,0,20,0,125,0,1,10,37,7,14,304,124,20
3,GENESEE,2000,6,8,4,30,75,44,0,87,0,28,0,112,5,1,14,24,5,15,274,159,23
3,GENESEE,2000,7,4,8,38,83,42,0,93,0,24,0,107,0,2,6,35,7,10,285,161,12
3,GENESEE,2000,8,6,2,41,98,38,0,92,0,26,0,95,0,1,11,33,7,10,276,170,18
3,GENESEE,2000,9,13,6,30,96,33,0,87,0,56,0,92,0,1,13,24,4,15,266,186,27
3,GENESEE,2000,10,14,3,35,80,38,0,128,0,95,1,87,0,0,17,25,3,8,241,275,32
3,GENESEE,2000,11,8,1,14,53,30,0,87,1,49,1,78,1,1,26,27,5,8,197,176,36
3,GENESEE,2000,12,4,2,21,67,23,0,80,0,27,0,72,0,0,17,19,4,3,186,145,21
3,GENESEE,2001,1,6,3,11,53,28,0,51,0,16,0,67,0,1,10,11,1,15,177,88,17
3,GENESEE,2001,2,5,0,14,71,15,0,68,0,15,1,73,0,3,6,19,7,12,190,103,15
3,GENESEE,2001,3,11,1,16,59,33,0,72,0,13,1,89,0,0,9,20,4,13,215,110,21
3,GENESEE,2001,4,10,7,23,79,30,0,91,0,13,1,94,0,3,15,29,9,13,252,142,29
3,GENESEE,2001,5,15,6,18,75,30,0,91,0,11,0,104,0,2,10,39,2,9,263,130,27
3,GENESEE,2001,6,7,3,23,74,27,0,116,1,14,1,101,0,0,10,25,10,16,246,163,18
3,GENESEE,2001,7,6,2,23,76,36,0,135,1,14,0,90,0,2,14,34,6,15,253,186,22
3,GENESEE,2001,8,10,4,32,77,33,0,157,0,10,2,102,0,2,9,20,8,9,245,208,23
3,GENESEE,2001,9,6,4,27,65,43,0,115,0,9,1,123,1,1,9,27,1,14,276,160,17
3,GENESEE,2001,10,6,3,21,88,31,0,112,1,13,2,121,0,1,7,24,4,11,278,153,16
3,GENESEE,2001,11,6,3,16,79,21,0,101,0,14,2,71,0,2,13,21,5,10,205,144,23
3,GENESEE,2001,12,11,3,17,69,22,0,128,0,16,1,93,0,0,18,17,7,8,212,179,30
4,GOODMAN,1991,1,9,6,88,94,18,0,129,8,32,1,101,2,1,14,74,5,3,296,263,25
4,GOODMAN,1991,2,8,1,69,115,17,0,146,11,38,2,118,1,2,13,61,6,4,316,266,25
4,GOODMAN,1991,3,10,8,106,114,19,0,147,4,39,3,123,1,4,16,62,7,5,331,308,33
4,GOODMAN,1991,4,10,4,78,125,25,0,149,13,32,0,123,1,0,18,79,9,6,362,277,28
4,GOODMAN,1991,5,7,10,75,158,25,1,180,17,49,1,162,6,4,14,96,14,8,459,318,26
4,GOODMAN,1991,6,12,3,59,147,20,0,162,16,33,1,154,8,3,16,93,9,6,423,270,32
4,GOODMAN,1991,7,16,7,95,149,15,0,151,16,30,0,170,7,2,8,88,11,4,433,284,26
4,GOODMAN,1991,8,16,18,87,117,18,0,216,19,31,0,118,0,5,17,88,14,8,367,351,38
4,GOODMAN,1991,9,14,6,97,128,13,0,184,7,34,0,124,0,6,23,79,9,11,361,338,43
4,GOODMAN,1991,10,18,5,102,131,20,0,195,11,36,4,108,1,4,23,64,8,7,335,356,49
4,GOODMAN,1991,11,8,11,98,116,14,0,185,15,44,2,86,3,6,22,38,5,10,275,349,38
4,GOODMAN,1991,12,8,6,113,125,16,0,162,15,43,0,91,1,2,34,55,12,8,301,352,44
4,GOODMAN,1992,1,9,5,106,96,15,0,197,9,51,0,88,9,4,20,52,8,7,263,374,33
4,GOODMAN,1992,2,14,3,68,114,19,0,156,9,52,0,80,44,0,21,44,10,7,267,297,35
4,GOODMAN,1992,3,6,9,60,125,11,0,120,9,35,0,101,9,3,16,58,8,4,308,231,25
4,GOODMAN,1992,4,11,2,96,145,12,0,139,21,39,0,112,17,3,14,63,5,8,342,288,28
4,GOODMAN,1992,5,17,10,93,145,11,0,152,15,38,2,133,8,5,18,85,10,10,394,301,42
4,GOODMAN,1992,6,15,5,93,128,21,0,192,15,48,0,94,8,0,9,78,8,9,335,342,24
4,GOODMAN,1992,7,15,2,89,144,22,0,181,8,37,0,118,24,3,18,88,8,3,377,325,36
4,GOODMAN,1992,8,18,7,80,104,18,0,174,20,47,0,113,5,5,20,91,6,10,343,321,43
4,GOODMAN,1992,9,11,4,84,95,13,0,153,9,44,2,114,10,6,27,57,10,11,294,308,46
4,GOODMAN,1992,10,5,3,90,110,24,0,140,13,58,1,108,4,3,26,56,11,7,308,314,35
4,GOODMAN,1992,11,10,4,97,109,28,0,173,3,52,0,99,4,7,24,58,12,21,319,346,41
4,GOODMAN,1992,12,14,6,107,89,14,0,194,4,52,0,85,10,4,38,55,7,27,276,391,56
4,GOODMAN,1993,1,12,3,96,83,14,0,154,1,51,2,68,2,2,28,52,8,15,235,329,44
4,GOODMAN,1993,2,8,2,66,61,11,0,117,1,39,0,62,0,1,15,47,9,14,197,237,24
4,GOODMAN,1993,3,12,6,61,90,7,0,150,5,48,0,74,5,4,21,68,12,18,263,280,37
4,GOODMAN,1993,4,6,5,88,87,10,0,142,3,44,3,103,7,0,16,45,7,18,268,290,25
4,GOODMAN,1993,5,21,3,82,90,14,0,149,2,42,0,117,9,3,13,71,7,28,323,286,37
4,GOODMAN,1993,6,26,9,74,88,21,0,157,2,24,1,123,12,3,11,78,8,21,340,266,41
4,GOODMAN,1993,7,12,6,81,100,20,0,161,3,47,2,127,5,3,17,73,7,19,345,306,34
4,GOODMAN,1993,8,14,4,90,81,12,0,179,1,33,4,98,0,1,21,82,9,19,296,323,40
4,GOODMAN,1993,9,13,6,95,92,19,0,133,2,35,1,107,7,5,20,68,7,19,311,283,39
4,GOODMAN,1993,10,13,12,80,95,20,0,121,2,42,1,101,3,2,30,56,4,19,303,273,46
4,GOODMAN,1993,11,10,9,62,95,16,0,117,0,23,1,78,3,3,23,67,6,11,276,225,37
4,GOODMAN,1993,12,6,6,68,59,14,0,129,1,26,0,109,10,2,19,51,5,14,253,242,27
4,GOODMAN,1994,1,8,4,47,49,21,0,91,2,32,0,74,2,2,20,48,7,12,208,190,30
4,GOODMAN,1994,2,6,3,32,51,10,0,86,3,31,0,97,6,1,10,50,4,15,226,159,17
4,GOODMAN,1994,3,7,5,65,65,12,0,122,1,27,0,96,0,2,19,70,15,16,264,233,28
4,GOODMAN,1994,4,12,3,50,74,17,0,129,0,26,2,92,2,2,15,65,11,21,272,220,31
4,GOODMAN,1994,5,13,10,60,79,19,1,137,1,30,1,92,8,2,13,62,11,26,288,240,29
4,GOODMAN,1994,6,18,8,67,90,22,0,122,0,32,0,125,0,4,15,74,12,27,346,236,37
4,GOODMAN,1994,7,17,6,107,102,33,0,140,2,27,2,103,3,4,16,63,8,43,350,290,39
4,GOODMAN,1994,8,15,2,74,91,39,0,140,5,26,4,114,1,2,29,71,7,23,340,269,50
4,GOODMAN,1994,9,19,5,78,85,33,0,135,2,30,0,87,7,2,25,58,11,22,290,268,46
4,GOODMAN,1994,10,10,9,60,79,25,0,116,1,15,0,78,0,3,21,60,5,24,275,212,34
4,GOODMAN,1994,11,12,6,68,78,30,0,103,1,22,0,97,1,1,37,62,5,23,296,230,50
4,GOODMAN,1994,12,12,6,79,80,11,0,110,0,19,0,73,0,1,37,65,5,19,254,245,50
4,GOODMAN,1995,1,11,8,68,60,18,0,129,0,38,0,73,3,5,17,46,5,25,230,252,33
4,GOODMAN,1995,2,9,3,41,57,12,0,81,1,26,1,74,6,5,21,45,6,6,197,169,36
4,GOODMAN,1995,3,11,4,77,82,21,1,97,0,20,1,112,2,0,13,68,11,13,300,207,25
4,GOODMAN,1995,4,14,10,68,86,35,0,95,1,35,0,108,2,3,3,47,9,18,304,201,20
4,GOODMAN,1995,5,16,15,82,81,19,0,102,1,19,1,101,4,1,16,77,11,25,318,219,34
4,GOODMAN,1995,6,9,16,62,68,38,0,126,2,37,3,122,0,3,17,76,10,22,342,242,32
4,GOODMAN,1995,7,15,7,77,79,34,0,142,5,28,0,130,0,6,16,56,6,28,334,263,37
4,GOODMAN,1995,8,13,3,79,80,51,0,130,0,32,1,118,4,5,14,84,10,20,356,255,33
4,GOODMAN,1995,9,13,2,70,79,69,0,152,2,33,0,107,1,2,18,48,6,13,318,273,33
4,GOODMAN,1995,10,4,4,80,72,46,0,157,0,26,0,95,0,4,27,51,10,20,288,290,35
4,GOODMAN,1995,11,3,7,71,96,44,0,133,4,29,2,87,2,1,18,46,7,21,301,251,24
4,GOODMAN,1995,12,5,5,56,57,38,0,105,1,39,0,107,0,4,18,61,6,25,293,218,27
4,GOODMAN,1996,1,8,1,58,48,23,0,96,2,36,1,88,0,3,18,49,4,22,231,208,30
4,GOODMAN,1996,2,8,0,57,45,33,0,95,1,40,1,96,0,0,17,51,9,14,239,209,26
4,GOODMAN,1996,3,10,2,53,55,36,0,79,2,39,0,90,1,1,12,44,10,15,242,183,23
4,GOODMAN,1996,4,6,0,45,69,41,0,76,0,41,0,122,7,2,12,57,3,17,306,174,20
4,GOODMAN,1996,5,12,6,55,75,28,0,122,0,25,0,119,0,3,14,71,14,16,315,216,29
4,GOODMAN,1996,6,14,5,67,88,30,0,133,1,27,1,110,1,3,21,79,7,14,326,248,39
4,GOODMAN,1996,7,16,9,66,96,25,0,117,5,44,2,113,2,4,16,72,12,13,328,243,38
4,GOODMAN,1996,8,11,4,70,74,34,0,95,0,35,0,125,0,1,17,65,4,13,315,217,29
4,GOODMAN,1996,9,13,4,74,64,25,0,87,0,36,0,96,0,3,17,56,5,15,260,214,33
4,GOODMAN,1996,10,7,2,67,55,36,0,106,1,30,2,91,1,8,21,50,8,13,247,224,38
4,GOODMAN,1996,11,10,5,60,60,26,0,66,1,35,1,70,0,3,18,37,6,14,212,179,32
4,GOODMAN,1996,12,6,9,59,53,25,0,108,1,40,2,77,0,3,27,49,7,14,227,234,38
4,GOODMAN,1997,1,10,6,61,71,23,0,106,0,47,0,78,0,1,30,39,3,10,227,244,41
4,GOODMAN,1997,2,7,5,32,42,24,0,74,0,33,0,86,0,2,19,28,7,9,194,158,28
4,GOODMAN,1997,3,12,8,45,62,18,0,80,2,35,0,94,0,2,13,48,7,15,245,173,27
4,GOODMAN,1997,4,5,8,50,69,30,0,90,0,40,0,109,2,5,17,46,7,10,272,197,27
4,GOODMAN,1997,5,12,8,59,97,39,0,102,1,32,2,118,8,3,17,45,2,10,317,210,34
4,GOODMAN,1997,6,6,8,51,68,27,0,105,2,24,1,117,0,4,12,41,7,14,275,192,23
4,GOODMAN,1997,7,20,3,74,80,32,0,111,3,39,1,102,0,0,18,38,9,8,263,242,39
4,GOODMAN,1997,8,8,6,57,66,29,0,98,0,23,0,113,2,2,14,46,7,22,282,192,24
4,GOODMAN,1997,9,10,6,58,66,35,0,111,0,35,0,100,0,6,22,41,8,10,258,226,38
4,GOODMAN,1997,10,14,7,68,86,41,0,118,0,37,1,117,0,4,42,42,12,19,312,265,61
4,GOODMAN,1997,11,14,5,44,64,30,0,91,0,49,0,102,3,5,24,44,8,7,252,208,43
4,GOODMAN,1997,12,9,2,67,79,21,0,84,0,68,2,106,0,3,33,28,7,14,250,252,47
4,GOODMAN,1998,1,9,7,47,61,46,0,76,0,56,1,92,4,2,21,33,10,18,257,200,33
4,GOODMAN,1998,2,6,5,49,51,34,0,61,1,35,1,73,3,5,30,28,7,11,202,175,42
4,GOODMAN,1998,3,10,1,37,73,30,0,84,0,30,0,112,3,2,18,48,9,23,287,169,30
4,GOODMAN,1998,4,7,5,45,72,33,0,101,3,40,1,115,2,2,13,46,8,16,287,199,23
4,GOODMAN,1998,5,11,7,41,87,44,0,101,1,34,0,134,2,3,11,51,13,14,337,187,25
4,GOODMAN,1998,6,7,8,59,77,26,0,88,0,27,0,110,2,1,8,34,10,15,270,182,16
4,GOODMAN,1998,7,8,2,40,69,33,0,116,0,27,0,121,0,2,10,38,10,15,278,193,20
4,GOODMAN,1998,8,12,4,41,72,45,0,127,1,30,0,133,0,2,14,44,4,17,315,212,28
4,GOODMAN,1998,9,10,3,39,70,32,0,82,1,57,2,101,10,1,12,37,12,13,256,190,25
4,GOODMAN,1998,10,16,6,38,49,31,0,85,1,46,1,94,2,3,9,43,10,12,235,178,29
4,GOODMAN,1998,11,8,3,34,63,35,0,91,1,31,0,90,0,6,12,31,6,5,227,168,26
4,GOODMAN,1998,12,11,5,30,64,32,0,72,0,31,0,105,3,1,14,29,13,15,250,147,26
4,GOODMAN,1999,1,10,1,17,37,21,0,70,1,27,0,85,0,5,10,40,8,8,192,124,25
4,GOODMAN,1999,2,4,5,46,50,17,0,63,0,23,0,76,0,2,8,19,4,8,175,140,14
4,GOODMAN,1999,3,7,4,22,39,34,0,92,0,17,0,75,0,4,3,24,6,7,183,134,14
4,GOODMAN,1999,4,6,6,26,56,51,0,60,0,23,0,74,0,1,14,34,4,7,228,123,21
4,GOODMAN,1999,5,14,4,35,74,45,0,87,0,30,1,114,0,1,12,39,4,14,290,164,28
4,GOODMAN,1999,6,6,2,44,61,57,0,73,2,29,2,99,0,3,12,46,4,10,275,158,23
4,GOODMAN,1999,7,9,10,52,75,36,0,90,1,34,1,120,0,4,4,44,5,9,294,180,18
4,GOODMAN,1999,8,16,7,34,78,32,0,92,0,26,0,119,2,4,13,44,5,15,295,165,33
4,GOODMAN,1999,9,12,6,44,78,41,0,89,1,32,0,78,1,2,8,33,6,10,246,173,22
4,GOODMAN,1999,10,4,1,35,75,38,0,111,1,37,0,86,0,1,14,21,3,6,227,197,19
4,GOODMAN,1999,11,4,7,42,72,24,0,116,0,28,0,88,1,4,11,20,10,18,229,197,19
4,GOODMAN,1999,12,6,1,44,48,23,0,80,0,27,0,73,0,1,16,24,5,7,176,167,23
4,GOODMAN,2000,1,6,0,46,53,38,0,64,0,39,0,82,1,0,14,25,3,7,205,163,20
4,GOODMAN,2000,2,8,3,17,54,36,0,73,1,43,1,87,0,1,4,22,3,8,210,137,14
4,GOODMAN,2000,3,2,0,32,57,41,0,89,1,25,0,125,5,5,8,45,7,11,279,154,15
4,GOODMAN,2000,4,5,5,29,112,45,0,90,0,36,0,106,0,2,6,28,8,7,303,161,13
4,GOODMAN,2000,5,6,10,42,69,39,0,102,1,29,1,117,0,0,9,33,4,7,275,182,16
4,GOODMAN,2000,6,11,7,40,82,30,0,106,1,36,0,110,1,1,12,50,8,14,293,194,24
4,GOODMAN,2000,7,5,9,51,88,34,0,126,0,23,1,90,1,7,15,37,7,9,267,215,28
4,GOODMAN,2000,8,7,7,46,88,42,0,109,0,36,1,106,0,2,7,30,4,8,281,198,17
4,GOODMAN,2000,9,9,3,33,71,40,0,106,1,36,0,98,0,0,6,40,5,11,263,181,15
4,GOODMAN,2000,10,5,1,47,66,32,0,106,0,29,1,91,1,1,16,34,3,8,232,198,23
4,GOODMAN,2000,11,8,6,36,58,31,0,102,0,39,0,76,2,3,11,26,5,5,202,188,22
4,GOODMAN,2000,12,4,0,32,43,26,0,90,0,34,0,60,2,4,22,23,7,13,165,178,30
4,GOODMAN,2001,1,3,3,31,57,29,0,89,1,13,0,81,1,0,14,24,1,9,203,147,17
4,GOODMAN,2001,2,7,1,29,49,13,0,75,0,13,0,50,1,1,5,16,2,9,138,122,13
4,GOODMAN,2001,3,8,3,29,58,25,0,90,0,11,0,103,4,1,12,24,4,9,222,142,21
4,GOODMAN,2001,4,6,4,25,76,39,0,92,1,10,0,96,1,2,12,18,3,6,239,139,20
4,GOODMAN,2001,5,10,16,38,70,37,0,110,1,11,0,105,3,2,17,26,4,7,261,176,29
4,GOODMAN,2001,6,11,4,40,83,31,0,148,1,6,2,112,0,4,7,33,6,15,278,201,24
4,GOODMAN,2001,7,14,5,40,63,33,0,153,0,12,1,147,0,1,16,18,11,13,279,221,32
4,GOODMAN,2001,8,12,1,42,76,44,0,144,0,11,0,112,0,1,11,36,7,12,281,208,24
4,GOODMAN,2001,9,12,8,34,58,38,0,114,1,11,0,110,11,6,10,23,4,9,246,169,28
4,GOODMAN,2001,10,8,3,57,72,22,0,155,1,11,0,96,0,2,17,28,5,6,227,240,27
4,GOODMAN,2001,11,5,4,37,69,32,0,136,0,9,1,88,1,1,8,24,8,11,228,190,15
4,GOODMAN,2001,12,7,2,23,84,14,0,129,0,6,1,84,0,2,13,25,2,8,217,171,23
5,HIGHLAND,1991,1,3,1,84,96,3,0,278,7,45,0,147,4,4,19,57,10,5,309,426,26
5,HIGHLAND,1991,2,7,1,63,109,2,0,302,7,47,0,136,1,1,13,53,9,5,306,425,21
5,HIGHLAND,1991,3,3,1,88,128,7,0,320,12,35,0,131,0,1,21,58,15,3,328,464,25
5,HIGHLAND,1991,4,3,5,98,152,3,0,272,9,34,0,161,7,2,19,53,15,6,380,423,24
5,HIGHLAND,1991,5,3,3,120,129,8,0,319,4,44,1,149,0,3,16,67,14,0,356,499,23
5,HIGHLAND,1991,6,6,5,98,140,8,0,366,9,31,1,163,2,4,24,51,18,2,369,519,35
5,HIGHLAND,1991,7,6,3,171,170,7,0,436,11,40,0,158,1,3,17,63,22,3,404,664,26
5,HIGHLAND,1991,8,8,0,163,153,14,0,416,18,44,1,151,3,1,24,64,24,5,387,647,34
5,HIGHLAND,1991,9,6,3,131,125,19,0,344,5,41,1,145,3,3,29,57,26,4,353,545,39
5,HIGHLAND,1991,10,7,1,138,145,5,0,359,7,49,2,137,2,1,20,49,16,4,341,566,30
5,HIGHLAND,1991,11,6,2,97,136,7,0,303,7,35,0,150,0,4,24,44,15,3,342,459,34
5,HIGHLAND,1991,12,5,2,110,117,5,0,273,11,41,1,91,0,4,27,43,21,1,259,451,37
5,HIGHLAND,1992,1,0,4,104,125,19,0,291,9,39,1,126,2,1,14,51,16,6,331,448,16
5,HIGHLAND,1992,2,4,6,86,113,6,0,232,7,33,0,112,2,2,12,63,23,7,307,363,18
5,HIGHLAND,1992,3,9,3,70,98,20,0,264,8,31,1,139,3,5,13,47,21,5,312,378,28
5,HIGHLAND,1992,4,3,5,77,125,6,0,253,7,33,1,128,2,3,15,51,18,2,317,378,22
5,HIGHLAND,1992,5,5,3,109,155,11,0,329,7,48,0,122,1,1,16,62,21,1,354,502,22
5,HIGHLAND,1992,6,8,3,107,125,9,0,325,4,49,1,127,3,1,10,35,21,2,301,491,20
5,HIGHLAND,1992,7,10,3,114,139,11,0,345,10,42,1,139,3,1,25,53,17,6,351,526,37
5,HIGHLAND,1992,8,8,6,127,142,5,0,356,7,50,0,131,1,2,18,65,20,5,354,551,28
5,HIGHLAND,1992,9,7,2,97,110,18,0,289,9,36,0,128,2,3,21,46,15,3,307,443,31
5,HIGHLAND,1992,10,3,3,112,118,15,0,283,12,72,0,133,2,4,27,52,17,8,329,494,34
5,HIGHLAND,1992,11,3,1,98,116,6,0,277,5,65,0,117,1,0,20,51,12,7,298,460,23
5,HIGHLAND,1992,12,7,1,104,109,9,0,273,1,40,0,133,0,4,22,44,12,16,312,439,33
5,HIGHLAND,1993,1,2,4,66,101,6,0,244,1,46,0,122,0,4,17,61,17,10,304,373,23
5,HIGHLAND,1993,2,5,2,59,76,2,0,147,2,45,1,108,0,2,13,29,11,9,226,264,21
5,HIGHLAND,1993,3,3,1,82,67,4,0,222,1,47,0,140,1,3,17,38,15,8,258,368,23
5,HIGHLAND,1993,4,15,2,100,111,7,0,237,1,37,1,137,3,2,16,47,14,13,317,390,34
5,HIGHLAND,1993,5,6,5,94,115,7,0,294,2,36,0,128,3,1,27,69,15,14,338,451,34
5,HIGHLAND,1993,6,11,1,93,102,11,0,354,3,48,0,126,4,1,19,56,25,9,305,514,31
5,HIGHLAND,1993,7,7,4,131,122,12,0,287,3,29,0,159,3,2,14,57,15,8,362,461,23
5,HIGHLAND,1993,8,3,3,138,94,11,0,316,1,54,0,152,1,1,15,51,21,14,325,523,19
5,HIGHLAND,1993,9,7,4,111,96,12,0,236,0,37,0,129,2,5,16,46,18,15,302,400,28
5,HIGHLAND,1993,10,9,3,112,150,19,0,245,0,49,0,141,3,2,27,45,35,21,379,433,38
5,HIGHLAND,1993,11,5,3,85,64,14,0,245,1,39,0,122,3,3,27,34,30,13,250,396,35
5,HIGHLAND,1993,12,4,2,89,82,12,0,226,1,45,0,125,0,1,17,42,20,9,272,377,22
5,HIGHLAND,1994,1,4,0,39,57,8,0,175,0,36,0,119,1,1,21,43,11,9,236,271,26
5,HIGHLAND,1994,2,10,6,57,56,5,0,136,3,26,0,133,0,0,19,44,13,6,250,238,29
5,HIGHLAND,1994,3,7,2,51,84,14,0,177,2,21,1,135,4,1,30,45,15,16,296,279,39
5,HIGHLAND,1994,4,3,1,51,98,7,0,211,1,28,0,107,0,3,20,53,10,17,283,310,26
5,HIGHLAND,1994,5,11,3,68,98,17,0,217,0,40,1,114,0,1,15,55,15,11,298,340,28
5,HIGHLAND,1994,6,7,36,75,99,15,0,221,2,38,0,118,0,5,14,43,19,17,328,348,26
5,HIGHLAND,1994,7,13,4,115,114,13,0,271,3,44,1,148,3,2,12,41,20,9,329,442,28
5,HIGHLAND,1994,8,6,0,110,116,12,0,287,0,40,0,121,4,3,26,52,16,9,310,463,35
5,HIGHLAND,1994,9,8,5,89,84,24,0,277,0,38,0,118,8,1,16,50,22,5,286,420,25
5,HIGHLAND,1994,10,10,1,88,91,27,0,245,1,52,0,127,1,3,24,47,21,15,308,409,37
5,HIGHLAND,1994,11,12,3,133,103,9,0,254,0,30,1,121,3,2,34,45,15,10,291,451,49
5,HIGHLAND,1994,12,5,11,98,99,17,0,242,0,42,0,108,1,1,32,55,17,21,311,414,38
5,HIGHLAND,1995,1,5,3,86,89,16,0,228,2,44,0,116,3,3,11,58,11,6,288,369,19
5,HIGHLAND,1995,2,6,2,59,71,14,0,173,1,23,0,104,2,4,19,31,7,7,229,274,29
5,HIGHLAND,1995,3,2,3,56,92,20,0,258,1,31,0,109,3,3,10,35,10,10,269,355,15
5,HIGHLAND,1995,4,5,5,64,91,10,0,234,1,30,0,119,3,3,23,39,15,11,275,351,31
5,HIGHLAND,1995,5,5,11,82,94,13,0,252,2,38,3,122,7,1,13,38,15,15,293,385,22
5,HIGHLAND,1995,6,5,3,95,102,13,0,250,2,37,1,169,1,2,19,38,22,14,339,401,27
5,HIGHLAND,1995,7,6,1,72,82,23,0,305,1,34,1,156,2,5,22,44,20,11,317,433,34
5,HIGHLAND,1995,8,5,9,88,75,20,0,261,2,40,2,139,11,2,20,47,26,7,297,409,29
5,HIGHLAND,1995,9,6,3,81,94,14,0,255,1,15,1,130,3,1,16,42,17,14,297,367,24
5,HIGHLAND,1995,10,5,3,82,105,8,0,266,1,44,0,131,4,2,35,40,23,11,298,427,42
5,HIGHLAND,1995,11,5,3,95,97,22,0,232,4,42,0,128,1,2,33,49,18,13,312,402,40
5,HIGHLAND,1995,12,5,3,68,78,5,0,221,0,45,1,151,2,2,24,50,14,8,295,358,32
5,HIGHLAND,1996,1,8,2,57,88,13,0,196,1,34,0,149,7,3,23,47,21,10,309,310,34
5,HIGHLAND,1996,2,5,2,55,80,17,0,208,2,36,0,164,2,0,24,36,22,6,305,323,29
5,HIGHLAND,1996,3,8,0,48,93,18,0,241,0,39,0,142,10,1,19,39,24,5,297,347,28
5,HIGHLAND,1996,4,5,1,30,81,14,0,183,3,46,0,166,5,3,12,24,19,9,295,271,20
5,HIGHLAND,1996,5,6,0,60,98,19,0,202,2,35,0,174,8,1,12,47,39,11,349,309,19
5,HIGHLAND,1996,6,8,2,77,107,13,0,229,0,41,0,166,6,4,25,52,30,8,348,372,37
5,HIGHLAND,1996,7,7,3,122,95,18,0,276,2,34,0,146,2,5,18,47,21,4,313,450,30
5,HIGHLAND,1996,8,8,3,99,95,7,0,311,0,42,0,158,0,3,23,27,17,6,296,475,34
5,HIGHLAND,1996,9,8,7,82,95,22,0,221,1,44,0,117,11,1,24,39,18,5,285,371,33
5,HIGHLAND,1996,10,7,2,73,117,17,0,250,2,60,1,123,9,0,22,31,18,8,298,405,30
5,HIGHLAND,1996,11,3,0,54,82,14,0,212,1,62,0,108,8,2,28,40,16,16,260,356,33
5,HIGHLAND,1996,12,4,1,84,100,9,0,206,1,68,0,117,0,1,22,31,14,5,263,380,27
5,HIGHLAND,1997,1,4,1,65,86,7,0,261,1,45,2,136,8,1,25,36,22,3,269,396,32
5,HIGHLAND,1997,2,4,0,52,74,9,0,183,1,43,1,100,6,3,10,30,17,5,218,288,18
5,HIGHLAND,1997,3,3,3,46,82,15,0,231,0,45,0,132,0,3,18,33,8,12,277,340,24
5,HIGHLAND,1997,4,8,5,38,109,11,0,235,1,56,1,144,1,4,24,31,19,5,305,353,37
5,HIGHLAND,1997,5,6,5,79,137,17,0,287,2,56,0,145,4,5,15,32,20,13,349,437,26
5,HIGHLAND,1997,6,2,2,54,90,20,0,223,0,31,1,161,2,10,20,35,17,7,315,328,33
5,HIGHLAND,1997,7,6,3,102,79,23,0,248,1,39,1,135,2,0,20,26,13,12,278,409,27
5,HIGHLAND,1997,8,6,0,101,101,9,0,280,1,44,0,113,6,0,29,28,12,0,251,454,35
5,HIGHLAND,1997,9,6,0,37,88,19,0,261,2,28,0,129,10,1,27,29,15,9,274,353,34
5,HIGHLAND,1997,10,2,1,54,75,22,0,212,0,45,0,145,7,2,18,32,7,5,280,329,22
5,HIGHLAND,1997,11,6,7,56,75,17,0,239,1,48,1,104,2,4,21,29,7,6,238,364,32
5,HIGHLAND,1997,12,6,3,61,78,6,0,262,3,69,0,116,2,1,32,22,9,8,233,424,39
5,HIGHLAND,1998,1,8,1,51,79,8,0,232,0,58,0,126,2,4,18,23,9,8,245,359,30
5,HIGHLAND,1998,2,2,3,51,73,20,0,181,1,37,1,106,7,6,22,20,11,6,228,291,31
5,HIGHLAND,1998,3,5,2,36,86,14,0,230,1,52,1,108,6,0,21,31,16,9,250,339,27
5,HIGHLAND,1998,4,3,3,39,69,28,0,227,1,38,0,114,6,0,13,27,16,9,250,317,16
5,HIGHLAND,1998,5,4,1,49,85,31,0,241,0,30,0,119,3,1,17,32,12,11,279,337,22
5,HIGHLAND,1998,6,2,1,38,88,27,0,168,0,26,1,123,1,2,16,36,22,10,285,248,21
5,HIGHLAND,1998,7,4,2,76,107,27,0,245,0,25,0,135,3,3,19,22,14,5,298,365,26
5,HIGHLAND,1998,8,6,2,74,104,23,0,293,0,23,0,118,1,2,20,27,14,10,284,410,28
5,HIGHLAND,1998,9,3,4,72,83,26,0,212,1,44,0,97,8,3,9,23,16,6,239,337,15
5,HIGHLAND,1998,10,3,4,58,93,16,0,247,1,46,0,124,5,1,19,26,13,5,268,370,23
5,HIGHLAND,1998,11,3,1,34,93,16,0,196,3,50,0,102,0,1,10,26,7,5,243,290,14
5,HIGHLAND,1998,12,7,4,48,71,13,0,213,0,32,0,83,1,4,7,23,10,4,198,300,18
5,HIGHLAND,1999,1,4,0,34,52,9,0,153,0,25,0,113,1,2,10,23,5,3,200,222,16
5,HIGHLAND,1999,2,10,5,31,52,14,0,133,0,32,0,99,0,2,16,14,12,4,188,212,28
5,HIGHLAND,1999,3,2,1,29,56,14,0,138,2,22,0,99,0,2,11,17,11,2,189,200,15
5,HIGHLAND,1999,4,1,2,45,70,20,0,199,1,37,1,94,3,3,11,18,10,4,208,292,16
5,HIGHLAND,1999,5,7,3,46,89,32,0,221,1,45,1,135,4,5,16,33,15,12,304,328,29
5,HIGHLAND,1999,6,6,0,45,58,26,0,220,0,28,0,136,1,1,9,27,11,3,250,302,16
5,HIGHLAND,1999,7,3,0,37,74,15,0,156,1,37,0,127,2,3,17,35,19,4,255,247,23
5,HIGHLAND,1999,8,6,1,48,77,16,0,196,0,27,1,120,3,2,7,22,15,3,239,278,16
5,HIGHLAND,1999,9,5,0,54,60,25,0,148,0,42,0,105,2,4,9,20,18,7,217,253,18
5,HIGHLAND,1999,10,4,1,41,96,27,0,197,1,34,0,118,5,1,17,21,11,9,272,289,22
5,HIGHLAND,1999,11,5,4,55,88,19,0,190,0,31,0,111,19,2,19,24,11,5,251,295,26
5,HIGHLAND,1999,12,5,3,42,59,13,0,230,0,25,0,93,2,0,16,21,11,5,194,313,21
5,HIGHLAND,2000,1,4,0,45,61,21,0,149,0,27,0,122,1,1,6,14,12,3,221,227,11
5,HIGHLAND,2000,2,4,3,22,57,17,0,128,1,34,0,89,0,3,7,19,8,6,191,191,14
5,HIGHLAND,2000,3,3,1,18,68,19,0,152,3,30,1,113,0,4,5,34,11,4,239,205,13
5,HIGHLAND,2000,4,6,2,23,82,22,0,158,3,19,0,101,0,7,9,17,5,5,229,209,22
5,HIGHLAND,2000,5,6,3,24,89,27,0,185,0,24,1,115,3,1,8,25,11,6,265,241,16
5,HIGHLAND,2000,6,7,1,33,73,18,0,196,1,34,0,110,2,3,13,19,5,6,227,276,23
5,HIGHLAND,2000,7,5,7,46,106,19,0,257,2,23,0,125,0,3,8,21,10,2,280,334,16
5,HIGHLAND,2000,8,4,1,53,93,15,0,188,0,33,0,99,0,1,10,24,9,10,242,284,15
5,HIGHLAND,2000,9,3,4,63,73,19,0,183,0,26,0,107,2,4,13,22,14,7,232,285,20
5,HIGHLAND,2000,10,3,1,34,78,9,0,242,0,50,0,98,0,0,18,22,16,4,212,344,21
5,HIGHLAND,2000,11,2,1,41,81,17,0,186,1,30,0,83,1,4,15,21,10,8,211,272,21
5,HIGHLAND,2000,12,4,1,33,75,7,0,163,0,24,0,81,0,1,10,12,1,9,185,230,15
5,HIGHLAND,2001,1,0,0,23,53,7,0,226,2,10,0,104,2,2,11,17,2,6,187,270,13
5,HIGHLAND,2001,2,5,1,31,82,9,0,163,0,9,0,67,0,2,12,13,5,4,176,215,19
5,HIGHLAND,2001,3,5,3,13,50,10,0,186,0,19,0,78,1,2,9,21,4,4,166,227,16
5,HIGHLAND,2001,4,4,1,34,79,13,0,187,1,11,1,94,2,1,15,20,6,1,208,247,21
5,HIGHLAND,2001,5,2,2,42,84,14,0,255,0,15,0,122,5,1,11,23,14,5,250,323,14
5,HIGHLAND,2001,6,7,3,47,80,16,0,248,0,13,0,95,1,0,19,22,6,5,221,327,26
5,HIGHLAND,2001,7,5,1,35,84,20,0,272,0,14,0,117,2,2,16,27,11,6,255,337,23
5,HIGHLAND,2001,8,2,0,48,86,30,0,225,0,4,0,110,2,2,11,26,5,11,263,288,15
5,HIGHLAND,2001,9,2,0,31,60,12,0,209,0,7,0,109,2,2,2,27,5,7,215,249,6
5,HIGHLAND,2001,10,5,3,34,79,12,0,222,0,5,0,86,3,0,17,26,12,7,213,278,22
5,HIGHLAND,2001,11,1,2,36,77,11,0,209,0,3,0,108,0,1,15,22,15,5,225,263,17
5,HIGHLAND,2001,12,7,2,34,80,17,0,197,0,5,0,86,2,1,16,11,9,3,199,252,24
6,LAKE,1991,1,2,0,30,113,9,0,121,11,35,0,129,21,2,8,38,4,6,295,194,12
6,LAKE,1991,2,0,4,52,93,11,0,111,5,30,1,138,24,5,10,42,4,2,290,203,16
6,LAKE,1991,3,4,3,71,147,13,0,156,10,40,0,108,9,0,9,56,7,3,330,276,13
6,LAKE,1991,4,6,4,60,93,7,0,171,6,21,0,120,31,3,11,63,8,5,292,263,20
6,LAKE,1991,5,6,3,65,123,11,0,194,11,27,0,153,22,3,9,58,10,2,350,295,18
6,LAKE,1991,6,9,4,64,113,15,0,182,10,27,0,159,48,3,17,62,12,5,358,290,29
6,LAKE,1991,7,5,2,65,125,22,0,229,16,30,1,124,248,3,12,55,12,4,332,336,21
6,LAKE,1991,8,7,0,66,125,6,0,204,8,36,0,153,85,4,15,83,6,4,371,321,26
6,LAKE,1991,9,4,1,55,106,16,0,161,16,48,0,140,68,3,18,52,8,3,318,282,25
6,LAKE,1991,10,9,4,55,147,12,0,209,9,44,0,130,43,1,17,76,12,2,371,325,27
6,LAKE,1991,11,3,5,63,88,14,0,161,8,41,1,128,31,2,11,33,12,2,270,276,17
6,LAKE,1991,12,4,1,75,127,5,0,189,7,38,1,99,23,3,18,49,6,3,284,320,26
6,LAKE,1992,1,4,2,52,109,10,0,179,4,59,0,105,17,2,22,47,4,6,279,312,28
6,LAKE,1992,2,4,4,59,87,7,0,162,2,51,0,98,12,5,18,39,10,1,236,290,27
6,LAKE,1992,3,4,6,48,84,8,0,145,8,35,2,87,27,2,14,51,8,9,245,242,22
6,LAKE,1992,4,6,0,62,98,16,0,136,5,40,2,104,15,8,6,44,6,0,262,244,22
6,LAKE,1992,5,11,0,71,121,10,0,195,12,29,0,104,29,2,15,54,8,5,294,310,28
6,LAKE,1992,6,7,0,71,105,4,0,190,9,36,0,103,14,2,10,50,7,3,265,307,19
6,LAKE,1992,7,9,3,100,104,13,0,183,6,36,0,116,12,2,18,35,10,3,274,337,29
6,LAKE,1992,8,6,2,92,99,9,0,188,13,35,1,106,2,3,20,62,15,5,283,335,30
6,LAKE,1992,9,10,2,70,85,10,0,151,6,24,1,115,14,3,21,46,8,6,264,266,35
6,LAKE,1992,10,3,0,88,105,4,0,158,5,50,0,100,15,3,17,47,4,5,261,313,23
6,LAKE,1992,11,7,1,78,112,5,0,156,2,39,0,101,14,2,21,45,8,10,274,294,30
6,LAKE,1992,12,4,0,54,71,2,0,176,3,23,0,92,10,2,8,41,2,11,217,261,14
6,LAKE,1993,1,6,1,39,79,4,0,154,3,16,0,96,1,4,17,42,6,7,229,226,27
6,LAKE,1993,2,2,2,40,89,8,0,131,1,44,1,63,15,7,4,48,7,7,217,219,14
6,LAKE,1993,3,6,4,43,95,6,0,147,0,30,0,98,5,1,8,36,4,9,248,228,15
6,LAKE,1993,4,6,3,52,84,9,0,154,1,23,1,105,17,1,9,47,4,5,253,238,17
6,LAKE,1993,5,3,6,63,82,5,0,154,1,23,0,94,9,2,7,42,8,9,238,247,12
6,LAKE,1993,6,5,3,55,77,5,0,189,3,46,0,117,24,1,14,54,7,14,270,304,20
6,LAKE,1993,7,7,6,71,101,16,0,193,1,37,0,110,26,3,17,52,4,13,298,318,27
6,LAKE,1993,8,15,6,71,101,22,0,183,0,41,0,118,12,2,20,55,5,9,311,315,37
6,LAKE,1993,9,5,2,54,68,20,0,149,1,25,0,93,6,1,12,39,12,10,232,240,18
6,LAKE,1993,10,6,2,55,74,20,0,151,1,43,0,115,32,4,15,37,10,8,256,264,25
6,LAKE,1993,11,5,1,78,71,11,0,137,1,22,0,86,22,3,12,41,7,10,220,249,20
6,LAKE,1993,12,2,5,63,82,13,0,143,2,36,12,96,6,3,15,42,4,7,245,257,32
6,LAKE,1994,1,5,1,26,72,10,0,124,0,29,1,71,21,2,17,32,11,8,194,196,25
6,LAKE,1994,2,4,46,29,40,23,0,106,0,24,0,87,30,0,8,29,3,6,231,167,12
6,LAKE,1994,3,1,1,39,58,18,0,162,3,34,0,92,14,5,16,30,6,6,205,251,22
6,LAKE,1994,4,3,3,44,77,17,0,132,1,18,0,86,29,1,5,50,7,3,236,199,9
6,LAKE,1994,5,0,4,61,105,20,0,188,0,23,0,97,29,0,12,47,8,7,280,284,12
6,LAKE,1994,6,8,3,65,91,13,0,141,0,35,1,112,11,3,13,56,8,9,284,254,25
6,LAKE,1994,7,11,3,70,84,21,0,182,7,36,1,128,23,0,17,56,10,7,299,305,29
6,LAKE,1994,8,16,2,65,106,22,0,147,1,37,0,102,42,3,20,54,15,14,300,269,39
6,LAKE,1994,9,5,4,58,77,23,0,148,1,34,0,103,86,2,12,59,7,12,278,252,19
6,LAKE,1994,10,7,5,75,89,14,0,129,0,46,0,115,42,3,19,61,9,14,298,269,29
6,LAKE,1994,11,8,1,81,92,15,0,138,0,43,1,103,29,1,27,46,10,16,273,289,37
6,LAKE,1994,12,3,7,50,56,8,0,149,1,30,0,104,4,1,20,39,10,5,219,249,24
6,LAKE,1995,1,6,2,50,74,15,0,116,2,29,0,87,17,5,19,32,14,17,227,214,30
6,LAKE,1995,2,4,3,29,45,4,3,75,1,34,0,88,4,0,20,29,9,9,178,158,24
6,LAKE,1995,3,8,0,45,71,21,0,106,1,30,1,110,12,2,14,39,11,19,260,195,25
6,LAKE,1995,4,2,4,38,74,19,0,131,3,32,3,99,14,9,16,36,9,10,242,217,30
6,LAKE,1995,5,5,4,38,88,10,0,161,0,26,0,119,16,4,16,51,12,14,286,241,25
6,LAKE,1995,6,5,3,48,78,12,0,169,0,29,0,103,24,0,17,47,10,13,256,263,22
6,LAKE,1995,7,5,2,57,92,14,0,180,0,34,0,140,11,4,12,40,6,11,299,283,21
6,LAKE,1995,8,9,3,67,76,19,0,172,1,34,0,144,13,2,22,56,11,11,309,295,33
6,LAKE,1995,9,14,2,55,87,25,0,168,3,23,1,129,17,3,11,54,7,17,314,257,29
6,LAKE,1995,10,7,1,58,84,14,0,195,0,37,1,121,8,0,26,46,10,12,278,316,34
6,LAKE,1995,11,5,3,48,86,13,0,148,3,53,1,123,19,3,14,47,9,13,285,263,23
6,LAKE,1995,12,15,2,51,74,9,0,134,2,42,1,127,18,1,17,48,7,11,271,244,34
6,LAKE,1996,1,12,2,43,65,18,0,134,0,33,0,112,10,2,16,43,6,8,248,226,30
6,LAKE,1996,2,5,1,38,76,11,0,135,2,38,1,91,9,6,9,43,8,6,228,220,21
6,LAKE,1996,3,8,4,48,62,20,0,113,1,26,2,111,9,4,10,48,7,7,252,197,24
6,LAKE,1996,4,4,2,46,52,19,0,118,0,39,0,108,30,1,12,40,6,9,230,215,17
6,LAKE,1996,5,3,4,47,87,9,0,115,1,52,0,135,13,2,10,59,8,9,303,224,15
6,LAKE,1996,6,11,5,51,83,23,0,172,0,45,0,115,5,4,14,47,9,19,292,282,29
6,LAKE,1996,7,8,2,66,96,23,0,153,0,29,0,139,12,5,9,69,10,10,339,257,22
6,LAKE,1996,8,5,2,27,56,27,0,176,4,50,0,119,16,7,15,51,12,8,263,268,27
6,LAKE,1996,9,4,2,53,73,32,0,158,0,36,0,112,12,1,7,40,20,11,270,254,12
6,LAKE,1996,10,13,5,37,68,20,0,157,1,40,0,105,20,2,12,33,6,14,245,246,27
6,LAKE,1996,11,7,2,36,61,20,0,145,1,37,1,85,13,5,17,30,3,7,205,235,30
6,LAKE,1996,12,6,2,56,72,13,0,141,0,45,0,74,8,2,19,37,9,11,209,261,27
6,LAKE,1997,1,3,2,31,69,18,0,113,1,38,2,112,12,1,16,31,9,6,238,198,22
6,LAKE,1997,2,3,1,33,50,19,0,104,0,29,1,66,11,1,18,33,4,9,178,184,23
6,LAKE,1997,3,6,1,35,67,27,0,107,1,40,0,113,17,0,21,31,4,9,248,203,27
6,LAKE,1997,4,5,0,45,78,12,0,95,0,32,1,91,13,0,14,31,6,12,224,186,20
6,LAKE,1997,5,5,0,38,98,29,0,125,1,39,1,110,12,3,9,46,8,9,292,211,18
6,LAKE,1997,6,6,0,50,66,25,0,117,0,35,0,109,16,1,10,35,9,11,246,212,17
6,LAKE,1997,7,2,3,37,89,32,0,160,0,35,0,102,18,2,20,38,2,6,270,252,24
6,LAKE,1997,8,8,4,44,93,42,0,117,1,39,1,110,6,2,24,26,5,14,289,224,35
6,LAKE,1997,9,5,5,46,72,33,0,135,1,54,0,99,33,0,17,19,13,15,243,252,22
6,LAKE,1997,10,7,5,38,72,22,0,111,0,58,2,87,3,3,29,26,12,8,220,236,41
6,LAKE,1997,11,4,3,37,79,11,0,137,0,45,3,99,3,1,37,25,7,15,232,256,45
6,LAKE,1997,12,5,5,52,70,22,0,129,1,43,0,94,13,1,28,41,3,13,245,252,34
6,LAKE,1998,1,3,3,38,70,19,0,140,3,26,0,98,3,2,26,36,7,11,237,230,31
6,LAKE,1998,2,5,1,54,64,20,0,131,1,38,1,95,22,2,14,30,5,8,218,237,22
6,LAKE,1998,3,2,4,45,73,39,0,118,2,37,0,103,23,1,14,46,13,5,270,214,17
6,LAKE,1998,4,6,2,34,56,39,0,120,1,30,0,116,5,1,4,29,14,12,254,188,11
6,LAKE,1998,5,8,2,44,79,59,0,168,1,24,0,126,17,0,14,43,7,10,319,250,22
6,LAKE,1998,6,10,3,39,87,38,0,143,0,33,0,145,13,2,21,42,5,13,328,236,33
6,LAKE,1998,7,6,1,48,90,42,0,134,0,42,0,112,13,0,12,42,8,11,298,236,18
6,LAKE,1998,8,2,9,61,65,50,0,170,1,32,0,106,3,6,20,41,7,10,281,283,28
6,LAKE,1998,9,3,13,61,62,35,0,114,0,30,0,110,17,3,11,34,6,8,262,216,17
6,LAKE,1998,10,5,2,40,74,37,0,89,1,39,0,107,31,2,17,37,5,15,272,185,24
6,LAKE,1998,11,3,2,45,59,22,0,124,0,31,0,95,2,0,11,29,4,6,213,211,14
6,LAKE,1998,12,5,1,35,66,24,0,129,0,34,0,85,8,3,10,29,6,10,215,208,18
6,LAKE,1999,1,5,1,33,59,22,0,107,1,39,1,82,1,0,12,26,7,6,196,191,18
6,LAKE,1999,2,3,3,30,62,29,0,106,1,29,0,84,9,1,14,15,5,6,199,179,18
6,LAKE,1999,3,4,1,29,46,26,0,85,0,23,1,79,7,2,8,26,6,10,188,145,15
6,LAKE,1999,4,4,4,22,60,25,0,94,0,28,2,122,9,4,7,26,6,5,242,151,17
6,LAKE,1999,5,5,5,30,59,33,0,107,1,31,0,109,8,2,8,31,3,8,245,176,15
6,LAKE,1999,6,6,6,26,80,40,0,107,2,29,1,106,4,1,12,37,5,8,277,174,20
6,LAKE,1999,7,3,3,61,74,28,0,122,0,34,0,125,25,4,12,40,3,12,282,229,19
6,LAKE,1999,8,3,1,49,56,31,0,117,1,30,0,91,35,0,13,44,1,7,230,209,16
6,LAKE,1999,9,8,2,54,52,33,0,118,1,21,3,89,3,1,17,31,15,9,216,210,29
6,LAKE,1999,10,6,4,45,70,27,0,104,1,29,0,111,11,1,14,33,7,10,255,192,21
6,LAKE,1999,11,4,8,30,66,22,0,113,1,28,0,74,0,1,8,31,5,10,211,179,13
6,LAKE,1999,12,4,4,35,56,16,0,114,0,33,1,95,4,1,13,21,8,6,198,195,19
6,LAKE,2000,1,5,2,34,48,21,0,115,1,41,1,81,6,3,11,21,3,14,187,201,20
6,LAKE,2000,2,2,3,19,59,21,0,80,1,33,0,90,2,2,11,23,3,6,202,143,15
6,LAKE,2000,3,9,1,27,63,26,0,106,0,19,1,101,2,3,16,25,7,8,224,168,29
6,LAKE,2000,4,3,1,28,77,26,0,119,0,21,1,84,12,1,8,19,14,6,213,176,13
6,LAKE,2000,5,4,0,40,70,37,0,135,0,31,0,108,6,2,7,26,4,3,244,213,13
6,LAKE,2000,6,6,4,36,80,40,0,125,1,33,0,109,8,2,16,34,4,11,278,210,24
6,LAKE,2000,7,5,10,28,89,33,0,142,1,32,0,105,2,2,18,25,7,10,272,220,25
6,LAKE,2000,8,1,3,38,95,41,0,141,0,30,1,97,2,0,13,24,11,12,272,222,15
6,LAKE,2000,9,4,0,49,61,31,0,132,3,32,0,102,4,3,23,20,4,8,222,236,30
6,LAKE,2000,10,13,10,22,98,29,0,146,0,65,1,76,5,1,15,26,3,9,248,248,30
6,LAKE,2000,11,3,2,28,54,37,0,145,1,33,0,89,1,2,11,25,4,5,212,217,16
6,LAKE,2000,12,6,2,23,42,13,0,95,1,30,0,83,5,3,19,16,0,7,163,167,28
6,LAKE,2001,1,9,6,25,54,23,0,100,1,7,0,91,5,1,14,19,7,6,199,146,24
6,LAKE,2001,2,1,2,18,44,28,0,79,0,13,0,95,2,1,7,19,6,3,191,117,9
6,LAKE,2001,3,7,1,36,77,25,0,91,2,13,0,95,2,1,8,21,13,13,232,148,16
6,LAKE,2001,4,6,3,47,86,28,0,117,0,20,1,96,0,1,13,20,8,10,243,197,21
6,LAKE,2001,5,7,5,39,78,23,0,136,2,10,0,117,3,2,8,29,4,15,267,193,17
6,LAKE,2001,6,6,5,38,61,23,0,156,1,21,0,108,1,5,13,27,11,9,233,228,24
6,LAKE,2001,7,6,2,24,70,35,0,160,0,12,1,113,2,1,12,31,4,11,262,208,20
6,LAKE,2001,8,6,4,39,92,41,0,128,2,17,1,115,20,2,6,35,8,8,295,190,15
6,LAKE,2001,9,7,1,22,79,28,0,113,1,10,1,99,6,0,18,31,5,10,248,163,26
6,LAKE,2001,10,10,4,27,85,23,0,146,0,20,0,109,8,3,16,31,5,12,264,209,29
6,LAKE,2001,11,6,1,29,62,23,0,169,0,12,0,100,0,4,17,19,9,7,212,227,27
6,LAKE,2001,12,7,1,31,65,22,0,155,2,8,0,76,5,0,14,28,6,11,203,208,21
7,MAPLE,1991,1,9,0,52,84,7,0,117,9,32,1,116,13,3,16,43,39,5,255,217,29
7,MAPLE,1991,2,1,3,59,111,6,0,111,3,28,1,98,11,4,9,38,37,2,258,207,15
7,MAPLE,1991,3,6,3,98,91,7,0,139,8,22,1,106,5,4,9,67,32,2,276,268,20
7,MAPLE,1991,4,14,4,60,96,7,0,145,21,30,0,113,18,2,15,58,22,4,282,250,31
7,MAPLE,1991,5,10,3,69,101,16,0,177,17,15,3,132,11,2,12,80,17,4,336,273,27
7,MAPLE,1991,6,13,8,63,131,9,0,167,11,18,1,156,28,2,17,48,19,8,360,265,33
7,MAPLE,1991,7,13,5,85,114,10,0,215,10,21,1,132,206,1,15,73,14,2,336,336,30
7,MAPLE,1991,8,14,3,94,131,13,0,196,15,24,3,140,125,3,28,59,26,4,350,342,48
7,MAPLE,1991,9,9,2,61,105,15,0,151,9,33,1,122,56,1,15,68,28,3,315,260,26
7,MAPLE,1991,10,13,2,111,139,11,0,221,7,48,2,130,35,2,23,44,14,7,333,403,40
7,MAPLE,1991,11,7,5,89,129,5,0,182,15,28,1,99,39,1,24,55,27,3,296,323,33
7,MAPLE,1991,12,5,0,148,116,9,0,197,12,29,0,85,14,2,13,42,33,7,259,387,20
7,MAPLE,1992,1,11,2,98,107,14,0,231,6,29,1,83,49,1,18,39,25,6,251,376,31
7,MAPLE,1992,2,5,0,80,100,17,0,175,12,33,1,92,29,1,12,40,30,5,254,300,19
7,MAPLE,1992,3,8,2,61,95,10,0,165,6,28,0,92,26,1,9,54,35,6,259,263,18
7,MAPLE,1992,4,7,2,77,133,6,0,165,5,31,0,109,52,0,24,53,22,2,305,297,31
7,MAPLE,1992,5,9,6,111,142,11,0,176,8,37,0,93,31,4,21,56,16,5,313,345,34
7,MAPLE,1992,6,6,6,97,157,9,0,197,21,39,0,132,55,1,24,64,14,5,373,357,31
7,MAPLE,1992,7,11,8,120,137,6,0,218,7,41,1,132,30,1,18,59,15,4,346,397,31
7,MAPLE,1992,8,13,3,103,139,6,0,208,5,27,0,135,6,3,25,50,21,3,336,363,41
7,MAPLE,1992,9,13,5,118,115,15,1,174,16,42,0,113,53,2,18,56,13,6,310,352,33
7,MAPLE,1992,10,12,6,106,135,10,0,164,9,59,0,99,40,1,14,48,23,12,310,343,27
7,MAPLE,1992,11,6,5,126,116,26,0,184,0,59,0,86,27,1,16,36,21,11,280,385,23
7,MAPLE,1992,12,7,6,101,72,20,0,146,2,41,2,99,21,0,22,44,24,10,251,310,31
7,MAPLE,1993,1,7,5,59,83,5,0,123,0,42,0,101,42,0,19,39,15,14,247,243,26
7,MAPLE,1993,2,4,5,81,91,10,0,111,2,35,1,83,39,3,16,39,33,10,238,243,24
7,MAPLE,1993,3,6,7,53,85,10,0,124,1,32,2,92,15,3,16,43,26,11,248,225,27
7,MAPLE,1993,4,14,3,71,101,11,0,164,1,35,2,95,13,0,18,58,18,16,284,288,34
7,MAPLE,1993,5,8,4,91,98,32,0,173,1,41,0,114,40,4,24,59,20,13,320,329,36
7,MAPLE,1993,6,5,6,114,97,21,0,152,1,34,1,107,24,3,15,57,8,14,302,315,24
7,MAPLE,1993,7,19,6,125,103,18,0,204,4,42,1,113,10,4,21,66,15,20,326,392,45
7,MAPLE,1993,8,5,4,139,142,33,0,173,1,53,1,115,7,5,22,58,10,19,371,387,33
7,MAPLE,1993,9,5,1,115,80,38,0,139,1,35,1,95,6,1,14,41,15,11,266,303,21
7,MAPLE,1993,10,9,4,123,95,30,0,177,2,38,1,109,7,3,21,49,20,24,311,359,34
7,MAPLE,1993,11,9,8,91,77,25,0,152,2,31,2,94,7,3,13,46,39,12,262,287,27
7,MAPLE,1993,12,10,0,82,72,19,0,160,1,32,1,106,30,2,18,47,29,13,257,292,31
7,MAPLE,1994,1,4,1,44,53,21,0,140,2,21,1,80,7,1,12,35,15,11,201,217,18
7,MAPLE,1994,2,2,3,59,59,17,0,145,0,22,2,84,11,3,10,36,18,11,210,236,17
7,MAPLE,1994,3,3,4,81,88,28,0,138,2,28,0,102,29,0,19,40,30,9,271,266,22
7,MAPLE,1994,4,5,9,81,99,20,0,135,0,28,1,84,17,6,19,55,21,18,285,263,31
7,MAPLE,1994,5,8,4,62,75,19,0,181,1,31,1,108,34,3,22,49,33,18,273,296,34
7,MAPLE,1994,6,15,5,89,85,14,0,148,2,22,1,98,31,7,18,61,13,13,276,277,41
7,MAPLE,1994,7,8,5,110,92,26,0,185,2,32,0,100,13,0,15,65,19,14,302,342,23
7,MAPLE,1994,8,18,12,92,95,26,0,148,1,31,0,122,18,2,17,57,13,29,341,288,37
7,MAPLE,1994,9,9,3,75,63,29,0,135,1,34,0,89,26,2,20,62,17,14,260,264,31
7,MAPLE,1994,10,6,13,77,117,22,0,170,1,33,1,74,18,4,20,53,13,13,292,300,31
7,MAPLE,1994,11,12,3,56,62,14,0,127,0,42,2,88,5,2,17,38,18,14,219,242,33
7,MAPLE,1994,12,7,5,52,88,12,0,153,1,24,1,69,0,1,23,33,19,14,221,252,32
7,MAPLE,1995,1,6,4,57,86,15,0,153,1,20,0,86,4,4,9,40,19,10,241,239,19
7,MAPLE,1995,2,6,5,53,71,11,3,100,0,20,1,67,11,1,22,34,18,15,203,195,30
7,MAPLE,1995,3,12,5,72,82,19,0,150,0,29,0,108,25,2,19,39,21,11,264,270,33
7,MAPLE,1995,4,5,15,47,69,15,0,122,0,21,0,93,11,1,15,42,18,11,245,205,21
7,MAPLE,1995,5,8,5,52,82,18,0,105,1,32,1,110,8,0,17,52,21,7,274,206,26
7,MAPLE,1995,6,10,11,62,77,27,0,132,0,26,0,92,1,2,21,53,12,15,275,241,33
7,MAPLE,1995,7,6,4,81,105,24,0,170,1,30,0,117,10,2,21,49,16,16,315,302,29
7,MAPLE,1995,8,10,3,84,124,23,0,177,5,35,2,111,33,1,25,49,11,19,329,321,38
7,MAPLE,1995,9,7,10,61,79,50,0,164,2,43,0,113,15,1,15,42,14,14,308,283,23
7,MAPLE,1995,10,7,6,72,72,22,0,114,1,40,1,96,7,2,16,44,21,12,252,242,26
7,MAPLE,1995,11,8,3,66,70,16,0,146,0,34,1,102,6,0,14,54,15,10,255,260,23
7,MAPLE,1995,12,5,0,67,102,29,0,172,2,51,0,110,24,1,16,47,17,12,300,306,22
7,MAPLE,1996,1,6,3,57,70,20,0,144,3,41,1,113,8,3,20,48,30,13,267,262,30
7,MAPLE,1996,2,8,7,62,70,27,0,93,1,30,1,103,13,2,10,52,19,15,274,195,21
7,MAPLE,1996,3,5,7,61,68,33,0,110,2,30,2,95,6,2,13,45,19,11,259,214,22
7,MAPLE,1996,4,8,5,53,57,45,0,110,0,44,1,95,8,2,9,40,12,14,256,216,20
7,MAPLE,1996,5,12,1,45,96,22,0,112,1,36,0,100,16,1,11,50,13,11,280,204,24
7,MAPLE,1996,6,9,3,62,83,34,0,141,0,38,1,103,9,2,15,62,14,12,297,256,27
7,MAPLE,1996,7,4,6,63,92,32,0,167,1,56,2,126,30,2,9,57,25,16,329,295,17
7,MAPLE,1996,8,8,7,66,84,24,0,171,2,35,3,107,19,2,12,60,17,12,294,284,25
7,MAPLE,1996,9,9,3,53,62,26,0,132,1,32,1,84,13,0,21,61,21,13,249,238,31
7,MAPLE,1996,10,12,7,54,82,40,0,130,4,50,0,109,32,1,9,46,11,15,299,243,22
7,MAPLE,1996,11,5,2,68,46,22,0,109,0,28,1,62,10,1,23,39,17,21,192,228,30
7,MAPLE,1996,12,7,1,44,70,18,0,123,3,31,0,89,9,2,25,25,27,10,213,223,34
7,MAPLE,1997,1,2,2,43,48,41,0,98,0,47,0,83,29,1,12,37,13,9,220,200,15
7,MAPLE,1997,2,4,1,37,48,24,0,102,1,27,2,86,11,3,14,37,10,7,203,180,23
7,MAPLE,1997,3,6,3,39,68,31,0,121,1,25,0,96,1,0,15,35,16,9,242,200,21
7,MAPLE,1997,4,8,6,36,73,27,0,122,1,25,0,77,16,1,16,43,16,13,239,199,25
7,MAPLE,1997,5,7,4,58,84,33,0,148,1,30,3,102,9,3,12,39,12,6,268,248,25
7,MAPLE,1997,6,11,9,48,72,29,1,114,2,33,0,115,11,5,11,49,12,13,287,206,27
7,MAPLE,1997,7,5,4,41,80,34,0,170,1,26,4,105,5,3,10,35,7,18,276,247,22
7,MAPLE,1997,8,7,5,40,92,18,1,110,0,22,0,102,15,4,18,32,15,9,258,190,29
7,MAPLE,1997,9,4,5,60,95,19,0,122,1,41,2,64,5,6,21,23,10,7,213,244,33
7,MAPLE,1997,10,16,3,63,71,18,0,153,1,56,0,70,1,2,11,40,7,12,214,283,29
7,MAPLE,1997,11,11,4,51,70,16,0,147,1,68,0,61,3,2,28,35,7,8,194,294,41
7,MAPLE,1997,12,8,5,46,72,10,0,153,0,47,0,70,10,1,19,34,19,3,194,265,28
7,MAPLE,1998,1,8,1,42,54,20,0,142,0,40,1,99,3,3,19,43,11,7,224,243,31
7,MAPLE,1998,2,2,0,30,56,16,0,131,1,32,0,65,19,1,9,24,9,6,167,202,12
7,MAPLE,1998,3,8,5,33,65,23,0,144,0,47,0,93,8,0,15,35,14,8,229,239,23
7,MAPLE,1998,4,9,11,47,72,54,0,122,1,36,1,90,1,3,6,33,9,10,270,211,19
7,MAPLE,1998,5,9,6,67,74,39,0,115,1,43,1,92,8,2,6,29,17,9,249,231,18
7,MAPLE,1998,6,5,6,39,60,21,0,112,0,39,2,106,11,1,17,38,13,7,238,207,25
7,MAPLE,1998,7,12,1,61,78,38,0,135,1,50,1,99,6,3,4,37,9,14,267,250,20
7,MAPLE,1998,8,12,8,50,74,41,0,142,0,47,0,84,3,4,16,42,11,24,273,255,32
7,MAPLE,1998,9,12,5,64,80,29,0,104,0,36,0,85,17,6,7,27,8,14,240,211,25
7,MAPLE,1998,10,8,2,45,56,28,0,115,1,34,2,104,3,1,16,28,8,6,224,210,27
7,MAPLE,1998,11,2,11,38,55,15,0,117,0,38,0,81,0,2,13,26,6,10,198,206,17
7,MAPLE,1998,12,5,6,38,51,26,0,114,0,38,0,68,4,3,8,21,16,7,179,198,16
7,MAPLE,1999,1,8,4,22,44,24,0,109,1,27,0,65,3,2,11,33,12,5,175,169,21
7,MAPLE,1999,2,4,6,36,37,22,0,111,2,27,0,75,3,3,20,28,11,7,175,194,27
7,MAPLE,1999,3,3,4,26,50,15,0,130,0,29,0,69,12,4,6,22,11,13,173,191,13
7,MAPLE,1999,4,4,4,29,55,35,0,118,0,47,0,85,7,3,10,23,8,7,209,204,17
7,MAPLE,1999,5,2,3,31,52,38,0,124,1,35,0,100,3,2,7,32,7,14,239,197,11
7,MAPLE,1999,6,10,6,36,64,48,0,130,1,33,0,84,9,2,9,29,12,10,241,208,21
7,MAPLE,1999,7,14,2,48,60,38,0,144,0,27,1,99,44,2,4,42,10,7,248,223,21
7,MAPLE,1999,8,1,5,46,57,38,0,125,1,29,0,86,11,2,2,21,20,8,215,202,5
7,MAPLE,1999,9,5,6,50,59,29,0,109,0,32,0,98,3,4,9,22,14,11,225,200,18
7,MAPLE,1999,10,2,5,50,55,50,0,142,0,55,1,93,5,0,6,26,14,8,237,253,9
7,MAPLE,1999,11,6,6,36,68,26,0,128,2,38,0,95,1,2,9,22,12,4,221,211,17
7,MAPLE,1999,12,7,6,54,55,14,0,123,0,31,0,75,2,0,12,25,8,10,185,220,19
7,MAPLE,2000,1,4,2,44,43,28,0,101,0,36,2,95,8,0,13,25,12,8,201,194,19
7,MAPLE,2000,2,7,1,27,49,21,0,91,1,32,1,72,0,0,6,30,7,5,178,156,14
7,MAPLE,2000,3,2,2,37,62,37,0,129,1,33,3,83,0,5,14,25,14,5,214,213,24
7,MAPLE,2000,4,3,8,25,75,41,0,118,0,19,0,89,11,2,7,20,13,11,244,169,12
7,MAPLE,2000,5,8,3,33,58,30,0,97,0,26,0,95,9,2,10,26,6,10,222,166,20
7,MAPLE,2000,6,6,2,46,65,35,0,141,0,41,3,84,3,1,11,31,10,11,228,239,21
7,MAPLE,2000,7,3,6,44,74,30,0,129,1,20,1,76,0,1,9,23,10,3,212,202,14
7,MAPLE,2000,8,6,2,35,65,32,0,137,0,34,0,98,1,1,14,29,13,8,234,220,21
7,MAPLE,2000,9,3,5,44,81,36,0,137,0,30,0,66,7,0,11,22,18,11,221,222,14
7,MAPLE,2000,10,1,8,40,74,24,0,139,1,66,1,87,1,0,25,20,10,14,227,270,27
7,MAPLE,2000,11,5,2,22,76,21,0,133,1,47,2,73,0,4,15,19,9,3,194,217,26
7,MAPLE,2000,12,7,1,24,46,24,0,125,0,31,0,66,4,0,10,13,11,9,159,190,17
7,MAPLE,2001,1,4,3,23,54,20,0,151,0,17,0,69,6,3,13,17,9,4,167,204,20
7,MAPLE,2001,2,4,4,26,31,30,0,121,3,14,0,70,7,0,8,19,7,4,158,169,12
7,MAPLE,2001,3,7,1,28,63,33,0,130,0,13,0,95,3,1,6,11,6,9,212,177,14
7,MAPLE,2001,4,7,5,25,74,31,0,140,1,15,0,94,19,5,10,17,19,10,231,190,22
7,MAPLE,2001,5,7,4,47,92,41,0,153,0,17,0,95,2,2,13,35,19,9,276,230,22
7,MAPLE,2001,6,7,6,17,72,21,0,138,0,26,3,101,2,2,17,28,10,9,237,198,29
7,MAPLE,2001,7,9,8,34,85,32,0,166,0,15,0,117,8,2,13,23,7,7,272,228,24
7,MAPLE,2001,8,4,1,30,61,43,0,139,0,18,1,122,15,3,4,27,13,6,260,191,12
7,MAPLE,2001,9,13,8,35,77,52,0,129,0,14,1,93,2,4,11,22,18,6,258,189,29
7,MAPLE,2001,10,8,2,35,77,28,0,163,0,9,0,117,0,2,11,19,10,15,258,218,21
7,MAPLE,2001,11,6,2,32,76,34,0,179,0,11,1,81,1,1,11,21,7,11,225,233,19
7,MAPLE,2001,12,4,2,26,56,22,0,101,0,7,0,68,3,1,11,14,6,10,172,145,16
